{"index":{}}
{"id":"2","keyword":" 냉장고 ","value":" 냉장고","type":"CATEGORY"}
{"index":{}}
{"id":"11081","keyword":" 소파 ","value":" 소파","type":"CATEGORY"}
{"index":{}}
{"id":"23","keyword":" 김치냉장고 ","value":" 냉장고","type":"CATEGORY"}
{"index":{}}
{"id":"921","keyword":" 마우스 ","value":" 마우스","type":"CATEGORY"}
{"index":{}}
{"id":"47","keyword":" 비압력밥솥 ","value":" 밥솥, 솥","type":"CATEGORY"}
{"index":{}}
{"id":"18048","keyword":" 보일러 ","value":" 보일러","type":"CATEGORY"}
{"index":{}}
{"id":"59630","keyword":" 가정용사우나 ","value":" 사우나","type":"CATEGORY"}
{"index":{}}
{"id":"48","keyword":" 압력밥솥 ","value":" 밥솥, 솥","type":"CATEGORY"}
{"index":{}}
{"id":"74","keyword":" 일반세탁기 ","value":" 세탁기","type":"CATEGORY"}
{"index":{}}
{"id":"75","keyword":" 드럼세탁기 ","value":" 세탁기","type":"CATEGORY"}
{"index":{}}
{"id":"81","keyword":" 소형청소기 ","value":" 청소기","type":"CATEGORY"}
{"index":{}}
{"id":"58830","keyword":" 냉/온 정수기 ","value":" 정수기","type":"CATEGORY"}
{"index":{}}
{"id":"84","keyword":" 진공청소기 ","value":" 청소기","type":"CATEGORY"}
{"index":{}}
{"id":"87","keyword":" 업소용청소기 ","value":" 청소기","type":"CATEGORY"}
{"index":{}}
{"id":"23235","keyword":" 유틸리티/하이브리드 ","value":" 골프채","type":"CATEGORY"}
{"index":{}}
{"id":"88","keyword":" 로봇청소기 ","value":" 청소기","type":"CATEGORY"}
{"index":{}}
{"id":"120","keyword":" 창문/천장형 ","value":" 에어컨","type":"CATEGORY"}
{"index":{}}
{"id":"129","keyword":" 멀티형 ","value":" 에어컨","type":"CATEGORY"}
{"index":{}}
{"id":"13487","keyword":" 아이젠 ","value":" 아이젠","type":"CATEGORY"}
{"index":{}}
{"id":"59261","keyword":" 야구글러브 ","value":" 글러브","type":"CATEGORY"}
{"index":{}}
{"id":"142","keyword":" 스탠드형 ","value":" 선풍기","type":"CATEGORY"}
{"index":{}}
{"id":"145","keyword":" 벽걸이/천장형 ","value":" 선풍기","type":"CATEGORY"}
{"index":{}}
{"id":"147","keyword":" 타워형 ","value":" 선풍기","type":"CATEGORY"}
{"index":{}}
{"id":"148","keyword":" 냉풍기 ","value":" 냉풍기","type":"CATEGORY"}
{"index":{}}
{"id":"965","keyword":" RDRAM ","value":" RDRAM","type":"CATEGORY"}
{"index":{}}
{"id":"180","keyword":" 디지털TV ","value":" TV","type":"CATEGORY"}
{"index":{}}
{"id":"59503","keyword":" 전동드릴 ","value":" 드릴","type":"CATEGORY"}
{"index":{}}
{"id":"339","keyword":" 업소용 ","value":" 밥솥. 솥","type":"CATEGORY"}
{"index":{}}
{"id":"340","keyword":" 난방기기 ","value":" 난방","type":"CATEGORY"}
{"index":{}}
{"id":"341","keyword":" 전기히터 ","value":" 히터, 난로","type":"CATEGORY"}
{"index":{}}
{"id":"59362","keyword":" 가방/보조가방 ","value":" 가방","type":"CATEGORY"}
{"index":{}}
{"id":"59514","keyword":" 샌더 ","value":" 샌더","type":"CATEGORY"}
{"index":{}}
{"id":"342","keyword":" 온풍기/팬히터 ","value":" 난로, 히터","type":"CATEGORY"}
{"index":{}}
{"id":"343","keyword":" 라디에이터 ","value":" 라디에이터, 난로, 히터","type":"CATEGORY"}
{"index":{}}
{"id":"344","keyword":" 가스히터 ","value":" 히터, 난로","type":"CATEGORY"}
{"index":{}}
{"id":"40972","keyword":" 패션시계 ","value":" 시계","type":"CATEGORY"}
{"index":{}}
{"id":"58925","keyword":" 포토프린터 ","value":" 프린터","type":"CATEGORY"}
{"index":{}}
{"id":"345","keyword":" 석유히터 ","value":" 히터, 난로","type":"CATEGORY"}
{"index":{}}
{"id":"347","keyword":" 온수기 ","value":" 온수기","type":"CATEGORY"}
{"index":{}}
{"id":"43284","keyword":" 도끼/손도끼 ","value":" 도끼","type":"CATEGORY"}
{"index":{}}
{"id":"390","keyword":" 프로젝터 ","value":" 프로젝터","type":"CATEGORY"}
{"index":{}}
{"id":"392","keyword":" 스크린 ","value":" 스크린","type":"CATEGORY"}
{"index":{}}
{"id":"637","keyword":" 이동식 ","value":" 에어컨","type":"CATEGORY"}
{"index":{}}
{"id":"677","keyword":" 프리젠터 ","value":" 프리젠터","type":"CATEGORY"}
{"index":{}}
{"id":"843","keyword":" 디지털카메라 ","value":" 디카, 카메라","type":"CATEGORY"}
{"index":{}}
{"id":"21615","keyword":" 명품유기농/엄마의작품 ","value":" 분유","type":"CATEGORY"}
{"index":{}}
{"id":"57285","keyword":" 미러리스 ","value":" 미러리스","type":"CATEGORY"}
{"index":{}}
{"id":"865","keyword":" 표준PC ","value":" PC","type":"CATEGORY"}
{"index":{}}
{"id":"867","keyword":" 브랜드PC ","value":" PC","type":"CATEGORY"}
{"index":{}}
{"id":"46803","keyword":" 식품 ","value":" 식품","type":"CATEGORY"}
{"index":{}}
{"id":"868","keyword":" 베어본 ","value":" 베어본, PC","type":"CATEGORY"}
{"index":{}}
{"id":"8107","keyword":" 응용과학 ","value":" 도서","type":"CATEGORY"}
{"index":{}}
{"id":"869","keyword":" 노트북 ","value":" 노트북, pc","type":"CATEGORY"}
{"index":{}}
{"id":"873","keyword":" CPU ","value":" CPU","type":"CATEGORY"}
{"index":{}}
{"id":"58395","keyword":" 오디오 ","value":" 오디오","type":"CATEGORY"}
{"index":{}}
{"id":"874","keyword":" RAM ","value":" RAM","type":"CATEGORY"}
{"index":{}}
{"id":"59284","keyword":" 테니스공 ","value":" 테니스공","type":"CATEGORY"}
{"index":{}}
{"id":"875","keyword":" 메인보드 ","value":" 메인보드","type":"CATEGORY"}
{"index":{}}
{"id":"876","keyword":" VGA ","value":" VGA","type":"CATEGORY"}
{"index":{}}
{"id":"878","keyword":" ODD ","value":" ODD","type":"CATEGORY"}
{"index":{}}
{"id":"894","keyword":" 네트워크/장비 ","value":" 네트워크","type":"CATEGORY"}
{"index":{}}
{"id":"895","keyword":" 공유기/무선랜 ","value":" 네트워크","type":"CATEGORY"}
{"index":{}}
{"id":"896","keyword":" 잉크 ","value":" 잉크","type":"CATEGORY"}
{"index":{}}
{"id":"897","keyword":" 토너 ","value":" 토너","type":"CATEGORY"}
{"index":{}}
{"id":"59738","keyword":" 인형 ","value":" 인형","type":"CATEGORY"}
{"index":{}}
{"id":"926","keyword":" 서버 ","value":" 서버","type":"CATEGORY"}
{"index":{}}
{"id":"936","keyword":" 노트북가방 ","value":" 가방","type":"CATEGORY"}
{"index":{}}
{"id":"1081","keyword":" 무선(AP) ","value":" 공유기","type":"CATEGORY"}
{"index":{}}
{"id":"962","keyword":" DDR ","value":" DDR","type":"CATEGORY"}
{"index":{}}
{"id":"15810","keyword":" 테스터기 ","value":" 테스터기","type":"CATEGORY"}
{"index":{}}
{"id":"963","keyword":" DDR2 ","value":" DDR, DDR2","type":"CATEGORY"}
{"index":{}}
{"id":"10683","keyword":" PC 캠 ","value":" 캠, 웹캠","type":"CATEGORY"}
{"index":{}}
{"id":"964","keyword":" SDR ","value":" SDR","type":"CATEGORY"}
{"index":{}}
{"id":"976","keyword":" FDD ","value":" FDD","type":"CATEGORY"}
{"index":{}}
{"id":"59445","keyword":" 킥보드/씽씽이 ","value":" 킥보드","type":"CATEGORY"}
{"index":{}}
{"id":"977","keyword":" PC용 HDD ","value":" HDD","type":"CATEGORY"}
{"index":{}}
{"id":"978","keyword":" 노트북용 HDD ","value":" HDD","type":"CATEGORY"}
{"index":{}}
{"id":"13776","keyword":" 프리미엄 후레쉬 ","value":" 분유","type":"CATEGORY"}
{"index":{}}
{"id":"32346","keyword":" 학생/사무의자 ","value":" 의자","type":"CATEGORY"}
{"index":{}}
{"id":"992","keyword":" HTPC케이스 ","value":" HTPC","type":"CATEGORY"}
{"index":{}}
{"id":"58913","keyword":" 정품무한 복합기 ","value":" 복합기, 프린터","type":"CATEGORY"}
{"index":{}}
{"id":"997","keyword":" ATX 파워 ","value":" ATX,파워","type":"CATEGORY"}
{"index":{}}
{"id":"998","keyword":" Micro-ATX 파워 ","value":" ATX, Micro-ATX,파워","type":"CATEGORY"}
{"index":{}}
{"id":"999","keyword":" TFX 파워 ","value":" TFX,파워","type":"CATEGORY"}
{"index":{}}
{"id":"11086","keyword":" 패브릭 ","value":" 의자","type":"CATEGORY"}
{"index":{}}
{"id":"1001","keyword":" 서버용 파워 ","value":" 파워","type":"CATEGORY"}
{"index":{}}
{"id":"1002","keyword":" UPS ","value":" UPS,파워","type":"CATEGORY"}
{"index":{}}
{"id":"8189","keyword":" 국어/외국어/사전 ","value":" 도서","type":"CATEGORY"}
{"index":{}}
{"id":"1005","keyword":" 키보드 ","value":" 키보드","type":"CATEGORY"}
{"index":{}}
{"id":"1007","keyword":" 키패드 ","value":" 키패드","type":"CATEGORY"}
{"index":{}}
{"id":"56404","keyword":" 썬바이저 ","value":" 썬바이저","type":"CATEGORY"}
{"index":{}}
{"id":"1008","keyword":" 디지타이저(타블렛) ","value":" 디지타이저","type":"CATEGORY"}
{"index":{}}
{"id":"20044","keyword":" 물티슈 ","value":" 물티슈","type":"CATEGORY"}
{"index":{}}
{"id":"26358","keyword":" 카트리지 ","value":" 카트리지","type":"CATEGORY"}
{"index":{}}
{"id":"1009","keyword":" 트랙볼 ","value":" 트랙볼, 마우스","type":"CATEGORY"}
{"index":{}}
{"id":"1032","keyword":" KVM 스위치 ","value":" KVM","type":"CATEGORY"}
{"index":{}}
{"id":"10903","keyword":" 커피메이커 ","value":" 커피","type":"CATEGORY"}
{"index":{}}
{"id":"1033","keyword":" 분배기/선택기 ","value":" 분배기, 선택기, 셀렉터","type":"CATEGORY"}
{"index":{}}
{"id":"1047","keyword":" PC 스피커 ","value":" 스피커","type":"CATEGORY"}
{"index":{}}
{"id":"36074","keyword":" Wii U-H/W ","value":" 게임기","type":"CATEGORY"}
{"index":{}}
{"id":"1052","keyword":" 마이크 ","value":" 마이크","type":"CATEGORY"}
{"index":{}}
{"id":"58898","keyword":" 3D스캐너 ","value":" 3D","type":"CATEGORY"}
{"index":{}}
{"id":"1074","keyword":" 라우터 ","value":" 라우터","type":"CATEGORY"}
{"index":{}}
{"id":"1075","keyword":" 랜카드 ","value":" 랜","type":"CATEGORY"}
{"index":{}}
{"id":"13624","keyword":" 하기스 ","value":" 기저귀","type":"CATEGORY"}
{"index":{}}
{"id":"1077","keyword":" 랜툴 ","value":" 랜툴","type":"CATEGORY"}
{"index":{}}
{"id":"57880","keyword":" 벨트 ","value":" 벨트","type":"CATEGORY"}
{"index":{}}
{"id":"1078","keyword":" 모뎀 ","value":" 모뎀","type":"CATEGORY"}
{"index":{}}
{"id":"29473","keyword":" 전기레인지 ","value":" 레인지","type":"CATEGORY"}
{"index":{}}
{"id":"59510","keyword":" 컷소 ","value":" 컷소","type":"CATEGORY"}
{"index":{}}
{"id":"1083","keyword":" 유무선 공유기 ","value":" 공유기","type":"CATEGORY"}
{"index":{}}
{"id":"1084","keyword":" 무선 랜카드 ","value":" 랜","type":"CATEGORY"}
{"index":{}}
{"id":"1085","keyword":" 무선 안테나 ","value":" 안테나","type":"CATEGORY"}
{"index":{}}
{"id":"1088","keyword":" 공유기 주변기기 ","value":" 공유기, 랜","type":"CATEGORY"}
{"index":{}}
{"id":"1125","keyword":" 운영체제 ","value":" 운영체제","type":"CATEGORY"}
{"index":{}}
{"id":"1143","keyword":" USB 메모리 ","value":" 메모리","type":"CATEGORY"}
{"index":{}}
{"id":"1157","keyword":" 렌즈 ","value":" 렌즈","type":"CATEGORY"}
{"index":{}}
{"id":"58728","keyword":" 침대 ","value":" 침대, 가구","type":"CATEGORY"}
{"index":{}}
{"id":"1356","keyword":" 스팀청소기 ","value":" 청소기","type":"CATEGORY"}
{"index":{}}
{"id":"1394","keyword":" 플레이스테이션2 ","value":" 게임, 플레이스테이션","type":"CATEGORY"}
{"index":{}}
{"id":"1395","keyword":" 플레이스테이션3 ","value":" 게임, 플레이스테이션","type":"CATEGORY"}
{"index":{}}
{"id":"1396","keyword":" XBOX360 ","value":" 게임, XBOX","type":"CATEGORY"}
{"index":{}}
{"id":"10852","keyword":" 원액기 ","value":" 원액기","type":"CATEGORY"}
{"index":{}}
{"id":"1398","keyword":" Wii ","value":" 게임, 닌텐도, Wii","type":"CATEGORY"}
{"index":{}}
{"id":"1399","keyword":" 게임큐브 ","value":" 게임","type":"CATEGORY"}
{"index":{}}
{"id":"19189","keyword":" 서버용 HDD ","value":" HDD","type":"CATEGORY"}
{"index":{}}
{"id":"1400","keyword":" PSP ","value":" 게임","type":"CATEGORY"}
{"index":{}}
{"id":"1401","keyword":" 닌텐도DS ","value":" 게임, 닌텐도","type":"CATEGORY"}
{"index":{}}
{"id":"11357","keyword":" 하이패스 ","value":" 하이패스","type":"CATEGORY"}
{"index":{}}
{"id":"54259","keyword":" 필름카메라 ","value":" 카메라","type":"CATEGORY"}
{"index":{}}
{"id":"1402","keyword":" 게임보이어드밴스 ","value":" 게임","type":"CATEGORY"}
{"index":{}}
{"id":"1403","keyword":" PC게임 ","value":" 게임","type":"CATEGORY"}
{"index":{}}
{"id":"26963","keyword":" 팸퍼스 ","value":" 기저귀","type":"CATEGORY"}
{"index":{}}
{"id":"1406","keyword":" 구형기종 ","value":" 게임","type":"CATEGORY"}
{"index":{}}
{"id":"1407","keyword":" PS3-H/W ","value":" 게임기","type":"CATEGORY"}
{"index":{}}
{"id":"1409","keyword":" PS2-H/W ","value":" 게임기","type":"CATEGORY"}
{"index":{}}
{"id":"13593","keyword":" 가방 ","value":" 가방","type":"CATEGORY"}
{"index":{}}
{"id":"1411","keyword":" XBOX360-H/W ","value":" 게임기","type":"CATEGORY"}
{"index":{}}
{"id":"59701","keyword":" 현미경 ","value":" 현미경","type":"CATEGORY"}
{"index":{}}
{"id":"1415","keyword":" Wii-H/W ","value":" 게임기","type":"CATEGORY"}
{"index":{}}
{"id":"1418","keyword":" GC-H/W ","value":" 게임기","type":"CATEGORY"}
{"index":{}}
{"id":"1420","keyword":" PSP-H/W ","value":" 게임기","type":"CATEGORY"}
{"index":{}}
{"id":"11087","keyword":" 천연가죽 ","value":" 의자","type":"CATEGORY"}
{"index":{}}
{"id":"1422","keyword":" NDS-H/W ","value":" 게임기","type":"CATEGORY"}
{"index":{}}
{"id":"1424","keyword":" GBA-H/W ","value":" 게임기","type":"CATEGORY"}
{"index":{}}
{"id":"1428","keyword":" ETC-H/W ","value":" 게임기","type":"CATEGORY"}
{"index":{}}
{"id":"1825","keyword":" 스포츠/레저 ","value":" 스포츠,레저","type":"CATEGORY"}
{"index":{}}
{"id":"1840","keyword":" 자동차 용품 ","value":" 자동차","type":"CATEGORY"}
{"index":{}}
{"id":"4896","keyword":" 문학 ","value":" 도서","type":"CATEGORY"}
{"index":{}}
{"id":"49292","keyword":" 홈짐 ","value":" 홈짐","type":"CATEGORY"}
{"index":{}}
{"id":"4907","keyword":" 경영/비즈니스 ","value":" 도서","type":"CATEGORY"}
{"index":{}}
{"id":"11287","keyword":" 주방가구 ","value":" 가구","type":"CATEGORY"}
{"index":{}}
{"id":"13764","keyword":" 앱솔루트 명작 ","value":" 분유","type":"CATEGORY"}
{"index":{}}
{"id":"32097","keyword":" 캠핑 ","value":" 캠핑","type":"CATEGORY"}
{"index":{}}
{"id":"4908","keyword":" 컴퓨터 서적 ","value":" 도서","type":"CATEGORY"}
{"index":{}}
{"id":"28323","keyword":" 오븐레인지 ","value":" 오븐, 레인지","type":"CATEGORY"}
{"index":{}}
{"id":"4913","keyword":" 건강/취미/스포츠 ","value":" 도서","type":"CATEGORY"}
{"index":{}}
{"id":"4914","keyword":" 가정/생활/요리 ","value":" 도서","type":"CATEGORY"}
{"index":{}}
{"id":"5071","keyword":" 인문/교양 ","value":" 도서","type":"CATEGORY"}
{"index":{}}
{"id":"5169","keyword":" 음반 ","value":" 음반","type":"CATEGORY"}
{"index":{}}
{"id":"11860","keyword":" 건반악기 ","value":" 건반","type":"CATEGORY"}
{"index":{}}
{"id":"5177","keyword":" 종교/신화 ","value":" 도서","type":"CATEGORY"}
{"index":{}}
{"id":"5178","keyword":" 예술/대중문화 ","value":" 도서","type":"CATEGORY"}
{"index":{}}
{"id":"8029","keyword":" 스포츠 의류 ","value":" 의류","type":"CATEGORY"}
{"index":{}}
{"id":"8103","keyword":" 소설 ","value":" 도서","type":"CATEGORY"}
{"index":{}}
{"id":"11085","keyword":" TV거실장 ","value":" 거실장","type":"CATEGORY"}
{"index":{}}
{"id":"11794","keyword":" 반려동물용품 ","value":" 애완","type":"CATEGORY"}
{"index":{}}
{"id":"8104","keyword":" 장르별 소설 ","value":" 도서","type":"CATEGORY"}
{"index":{}}
{"id":"8105","keyword":" 학습서/자격증 ","value":" 도서","type":"CATEGORY"}
{"index":{}}
{"id":"8106","keyword":" 사회학 ","value":" 도서","type":"CATEGORY"}
{"index":{}}
{"id":"51248","keyword":" 매트 ","value":" 매트","type":"CATEGORY"}
{"index":{}}
{"id":"58305","keyword":" 스마트워치 ","value":" 워치","type":"CATEGORY"}
{"index":{}}
{"id":"58840","keyword":" 책상 ","value":" 책상","type":"CATEGORY"}
{"index":{}}
{"id":"8108","keyword":" 순수과학 ","value":" 도서","type":"CATEGORY"}
{"index":{}}
{"id":"11413","keyword":" 미니형 ","value":" 제습기","type":"CATEGORY"}
{"index":{}}
{"id":"47618","keyword":" 홈시어터 ","value":" 홈시어터","type":"CATEGORY"}
{"index":{}}
{"id":"8109","keyword":" 잡지 ","value":" 도서","type":"CATEGORY"}
{"index":{}}
{"id":"8110","keyword":" 만화 ","value":" 도서","type":"CATEGORY"}
{"index":{}}
{"id":"10658","keyword":" 컴포넌트 ","value":" 케이블","type":"CATEGORY"}
{"index":{}}
{"id":"8208","keyword":" 인물/지리 ","value":" 도서","type":"CATEGORY"}
{"index":{}}
{"id":"8209","keyword":" 역사/문화 ","value":" 도서","type":"CATEGORY"}
{"index":{}}
{"id":"9593","keyword":" USB/휴대용 ","value":" 선풍기","type":"CATEGORY"}
{"index":{}}
{"id":"9773","keyword":" 공구류 ","value":" 공구","type":"CATEGORY"}
{"index":{}}
{"id":"9824","keyword":" 카오디오 ","value":" 오디오","type":"CATEGORY"}
{"index":{}}
{"id":"59233","keyword":" 야구 ","value":" 야구","type":"CATEGORY"}
{"index":{}}
{"id":"9852","keyword":" 차량용 블랙박스 ","value":" 블랙박스","type":"CATEGORY"}
{"index":{}}
{"id":"58878","keyword":" 스캐너 ","value":" 스캐너","type":"CATEGORY"}
{"index":{}}
{"id":"59694","keyword":" 생리대/패드 ","value":" 생리대","type":"CATEGORY"}
{"index":{}}
{"id":"9866","keyword":" 타이어 ","value":" 타이어","type":"CATEGORY"}
{"index":{}}
{"id":"54196","keyword":" 서랍장 ","value":" 서랍장, 가구","type":"CATEGORY"}
{"index":{}}
{"id":"9875","keyword":" 화장품 ","value":" 화장품","type":"CATEGORY"}
{"index":{}}
{"id":"28324","keyword":" 미니오븐 ","value":" 오븐","type":"CATEGORY"}
{"index":{}}
{"id":"10616","keyword":" 탁상형 ","value":" 선풍기","type":"CATEGORY"}
{"index":{}}
{"id":"58604","keyword":" 일반전화기 ","value":" 전화기","type":"CATEGORY"}
{"index":{}}
{"id":"58934","keyword":" 닌텐도 스위치 ","value":" 게임, 닌텐도","type":"CATEGORY"}
{"index":{}}
{"id":"10639","keyword":" LAN 케이블 ","value":" 랜, 랜선","type":"CATEGORY"}
{"index":{}}
{"id":"16024","keyword":" 유선 공유기 ","value":" 공유기","type":"CATEGORY"}
{"index":{}}
{"id":"10640","keyword":" 전원 케이블 ","value":" 케이블","type":"CATEGORY"}
{"index":{}}
{"id":"10642","keyword":" IDE/SATA 케이블 ","value":" 케이블","type":"CATEGORY"}
{"index":{}}
{"id":"31686","keyword":" 셀렉터/분배기 ","value":" 셀렉터, 분배기, 선택기","type":"CATEGORY"}
{"index":{}}
{"id":"10643","keyword":" SCSI/SAS 케이블 ","value":" 케이블","type":"CATEGORY"}
{"index":{}}
{"id":"10644","keyword":" IEEE1394 케이블 ","value":" 케이블","type":"CATEGORY"}
{"index":{}}
{"id":"42569","keyword":" 매트리스 ","value":" 매트리스","type":"CATEGORY"}
{"index":{}}
{"id":"51252","keyword":" 랜턴/램프 ","value":" 랜턴, 램프","type":"CATEGORY"}
{"index":{}}
{"id":"10646","keyword":" 패러렐/시리얼 케이블 ","value":" 케이블","type":"CATEGORY"}
{"index":{}}
{"id":"11365","keyword":" 온수매트 ","value":" 매트","type":"CATEGORY"}
{"index":{}}
{"id":"43374","keyword":" 아이배냇 ","value":" 분유","type":"CATEGORY"}
{"index":{}}
{"id":"58955","keyword":" 안전화 ","value":" 안전화","type":"CATEGORY"}
{"index":{}}
{"id":"10647","keyword":" PS2/AT 케이블 ","value":" 케이블","type":"CATEGORY"}
{"index":{}}
{"id":"45318","keyword":" 브로치 ","value":" 쥬얼리, 브로치","type":"CATEGORY"}
{"index":{}}
{"id":"10648","keyword":" KVM 케이블 ","value":" KVM케이블","type":"CATEGORY"}
{"index":{}}
{"id":"10650","keyword":" 데이터 전송 케이블 ","value":" 케이블","type":"CATEGORY"}
{"index":{}}
{"id":"10651","keyword":" HDMI 케이블 ","value":" 케이블","type":"CATEGORY"}
{"index":{}}
{"id":"59327","keyword":" PC 헤드셋 ","value":" 헤드셋","type":"CATEGORY"}
{"index":{}}
{"id":"59535","keyword":" 사다리 ","value":" 사다리","type":"CATEGORY"}
{"index":{}}
{"id":"10655","keyword":" DVI ","value":" 케이블","type":"CATEGORY"}
{"index":{}}
{"id":"13771","keyword":" 아기사랑수 ","value":" 분유","type":"CATEGORY"}
{"index":{}}
{"id":"10656","keyword":" RGB(D-SUB) ","value":" 케이블","type":"CATEGORY"}
{"index":{}}
{"id":"10657","keyword":" BNC ","value":" 케이블","type":"CATEGORY"}
{"index":{}}
{"id":"11861","keyword":" 현악기 ","value":" 현악기","type":"CATEGORY"}
{"index":{}}
{"id":"58513","keyword":" 차량용충전기 ","value":" 충전기","type":"CATEGORY"}
{"index":{}}
{"id":"10659","keyword":" S-Video ","value":" 케이블","type":"CATEGORY"}
{"index":{}}
{"id":"16012","keyword":" 가방 ","value":" 가방","type":"CATEGORY"}
{"index":{}}
{"id":"10660","keyword":" 컴포지트(RCA) ","value":" 케이블","type":"CATEGORY"}
{"index":{}}
{"id":"10661","keyword":" AV 통합 케이블 ","value":" 케이블","type":"CATEGORY"}
{"index":{}}
{"id":"10662","keyword":" TV동축/RF ","value":" 케이블","type":"CATEGORY"}
{"index":{}}
{"id":"22596","keyword":" 골프 ","value":" 골프","type":"CATEGORY"}
{"index":{}}
{"id":"59589","keyword":" 용접기 ","value":" 용접기","type":"CATEGORY"}
{"index":{}}
{"id":"10663","keyword":" 광(옵티컬) 케이블 ","value":" 케이블","type":"CATEGORY"}
{"index":{}}
{"id":"10664","keyword":" 동(코엑시얼) 케이블 ","value":" 케이블","type":"CATEGORY"}
{"index":{}}
{"id":"10665","keyword":" 스테레오/RCA 케이블 ","value":" 케이블","type":"CATEGORY"}
{"index":{}}
{"id":"10666","keyword":" 스피커 케이블 ","value":" 케이블","type":"CATEGORY"}
{"index":{}}
{"id":"10668","keyword":" 길이별 완성품 ","value":" 케이블","type":"CATEGORY"}
{"index":{}}
{"id":"58571","keyword":" 야전침대 ","value":" 침대","type":"CATEGORY"}
{"index":{}}
{"id":"59781","keyword":" 행거 ","value":" 행거","type":"CATEGORY"}
{"index":{}}
{"id":"10669","keyword":" 케이블 박스 ","value":" 케이블","type":"CATEGORY"}
{"index":{}}
{"id":"56168","keyword":" 주방의자 ","value":" 의자","type":"CATEGORY"}
{"index":{}}
{"id":"10670","keyword":" 외장하드 ","value":" HDD","type":"CATEGORY"}
{"index":{}}
{"id":"10708","keyword":" 수영용품 ","value":" 수영","type":"CATEGORY"}
{"index":{}}
{"id":"10718","keyword":" 물안경 ","value":" 수경","type":"CATEGORY"}
{"index":{}}
{"id":"11871","keyword":" 클래식기타 ","value":" 기타","type":"CATEGORY"}
{"index":{}}
{"id":"11884","keyword":" 바이올린 ","value":" 바이올린","type":"CATEGORY"}
{"index":{}}
{"id":"10722","keyword":" 오리발 ","value":" 오리발","type":"CATEGORY"}
{"index":{}}
{"id":"22503","keyword":" 분쇄기 ","value":" 분쇄기","type":"CATEGORY"}
{"index":{}}
{"id":"10731","keyword":" 헬스 ","value":" 헬스","type":"CATEGORY"}
{"index":{}}
{"id":"10763","keyword":" 낚시 ","value":" 낚시","type":"CATEGORY"}
{"index":{}}
{"id":"10846","keyword":" 믹서기 ","value":" 믹서기","type":"CATEGORY"}
{"index":{}}
{"id":"10848","keyword":" 핸드블렌더 ","value":" 블렌더","type":"CATEGORY"}
{"index":{}}
{"id":"10904","keyword":" 반/전자동머신 ","value":" 커피","type":"CATEGORY"}
{"index":{}}
{"id":"10905","keyword":" 커피자판기 ","value":" 커피","type":"CATEGORY"}
{"index":{}}
{"id":"49740","keyword":" 이어폰 ","value":" 이어폰","type":"CATEGORY"}
{"index":{}}
{"id":"10956","keyword":" 교체용칫솔모 ","value":" 칫솔모","type":"CATEGORY"}
{"index":{}}
{"id":"59191","keyword":" 선풍기 ","value":" 선풍기","type":"CATEGORY"}
{"index":{}}
{"id":"11043","keyword":" DDR3 ","value":" DDR, DDR3","type":"CATEGORY"}
{"index":{}}
{"id":"11080","keyword":" 거실가구 ","value":" 가구","type":"CATEGORY"}
{"index":{}}
{"id":"59590","keyword":" 용접면 ","value":" 용접면","type":"CATEGORY"}
{"index":{}}
{"id":"11088","keyword":" 인조가죽 ","value":" 의자","type":"CATEGORY"}
{"index":{}}
{"id":"11098","keyword":" 테이블 ","value":" 테이블","type":"CATEGORY"}
{"index":{}}
{"id":"11099","keyword":" 좌탁 ","value":" 좌탁, 테이블","type":"CATEGORY"}
{"index":{}}
{"id":"11105","keyword":" 전기요 ","value":" 전기요","type":"CATEGORY"}
{"index":{}}
{"id":"11123","keyword":" 홈오피스가구 ","value":" 가구","type":"CATEGORY"}
{"index":{}}
{"id":"21618","keyword":" 순유기농/아기밀 ","value":" 분유","type":"CATEGORY"}
{"index":{}}
{"id":"11166","keyword":" 돈풍기/컨벡터 ","value":" 난로, 히터","type":"CATEGORY"}
{"index":{}}
{"id":"58519","keyword":" 요가매트 ","value":" 매트","type":"CATEGORY"}
{"index":{}}
{"id":"11182","keyword":" 수납가구 ","value":" 가구","type":"CATEGORY"}
{"index":{}}
{"id":"11186","keyword":" 선반 ","value":" 선반","type":"CATEGORY"}
{"index":{}}
{"id":"11187","keyword":" 신발장 ","value":" 신발장","type":"CATEGORY"}
{"index":{}}
{"id":"59699","keyword":" 단안망원경 ","value":" 망원경, 단망경","type":"CATEGORY"}
{"index":{}}
{"id":"11241","keyword":" 침실가구 ","value":" 가구","type":"CATEGORY"}
{"index":{}}
{"id":"11242","keyword":" 침대 ","value":" 침대","type":"CATEGORY"}
{"index":{}}
{"id":"11275","keyword":" 협탁 ","value":" 협탁","type":"CATEGORY"}
{"index":{}}
{"id":"11279","keyword":" 부부테이블 ","value":" 테이블","type":"CATEGORY"}
{"index":{}}
{"id":"11288","keyword":" 식탁 ","value":" 식탁","type":"CATEGORY"}
{"index":{}}
{"id":"11362","keyword":" 카페트/건강매트 ","value":" 매트","type":"CATEGORY"}
{"index":{}}
{"id":"11411","keyword":" 가정용 ","value":" 제습기","type":"CATEGORY"}
{"index":{}}
{"id":"11412","keyword":" 업소용 ","value":" 제습기","type":"CATEGORY"}
{"index":{}}
{"id":"59583","keyword":" 작기 ","value":" 작기","type":"CATEGORY"}
{"index":{}}
{"id":"11858","keyword":" 악기 ","value":" 악기","type":"CATEGORY"}
{"index":{}}
{"id":"11862","keyword":" 관악기 ","value":" 관악기","type":"CATEGORY"}
{"index":{}}
{"id":"50457","keyword":" 잉크 충전기 ","value":" 충전기","type":"CATEGORY"}
{"index":{}}
{"id":"11863","keyword":" 국악기 ","value":" 국악기","type":"CATEGORY"}
{"index":{}}
{"id":"11864","keyword":" 타악기 ","value":" 타악기","type":"CATEGORY"}
{"index":{}}
{"id":"59533","keyword":" 열풍기 ","value":" 열풍기","type":"CATEGORY"}
{"index":{}}
{"id":"11868","keyword":" 어쿠스틱기타 ","value":" 기타","type":"CATEGORY"}
{"index":{}}
{"id":"11870","keyword":" 베이스기타 ","value":" 기타","type":"CATEGORY"}
{"index":{}}
{"id":"11869","keyword":" 일렉트릭기타 ","value":" 기타","type":"CATEGORY"}
{"index":{}}
{"id":"59202","keyword":" 아동등산의류 ","value":" 의류, 등산복","type":"CATEGORY"}
{"index":{}}
{"id":"11872","keyword":" 디지털피아노 ","value":" 피아노","type":"CATEGORY"}
{"index":{}}
{"id":"58919","keyword":" 흑백 레이저 프린터 ","value":" 프린터","type":"CATEGORY"}
{"index":{}}
{"id":"11873","keyword":" 전자키보드 ","value":" 키보드, 피아노","type":"CATEGORY"}
{"index":{}}
{"id":"11874","keyword":" 신디사이저 ","value":" 신디사이저, 피아노","type":"CATEGORY"}
{"index":{}}
{"id":"36394","keyword":" 빈백 ","value":" 빈백, 의자","type":"CATEGORY"}
{"index":{}}
{"id":"11875","keyword":" 일반피아노 ","value":" 피아노","type":"CATEGORY"}
{"index":{}}
{"id":"11876","keyword":" 그랜드피아노 ","value":" 피아노","type":"CATEGORY"}
{"index":{}}
{"id":"11877","keyword":" 아코디언 ","value":" 아코디언","type":"CATEGORY"}
{"index":{}}
{"id":"47744","keyword":" 마스터키보드 ","value":" 키보드, 피아노","type":"CATEGORY"}
{"index":{}}
{"id":"11878","keyword":" 플루트 ","value":" 플루트","type":"CATEGORY"}
{"index":{}}
{"id":"11879","keyword":" 클라리넷 ","value":" 클라리넷","type":"CATEGORY"}
{"index":{}}
{"id":"11880","keyword":" 색소폰 ","value":" 색소폰","type":"CATEGORY"}
{"index":{}}
{"id":"11881","keyword":" 트럼펫 ","value":" 트럼펫","type":"CATEGORY"}
{"index":{}}
{"id":"11882","keyword":" 트럼본 ","value":" 트럼본","type":"CATEGORY"}
{"index":{}}
{"id":"11885","keyword":" 첼로 ","value":" 첼로","type":"CATEGORY"}
{"index":{}}
{"id":"59700","keyword":" 쌍안경 ","value":" 쌍안경","type":"CATEGORY"}
{"index":{}}
{"id":"11886","keyword":" 비올라 ","value":" 비올라","type":"CATEGORY"}
{"index":{}}
{"id":"11887","keyword":" 콘트라베이스 ","value":" 콘트라베이스","type":"CATEGORY"}
{"index":{}}
{"id":"11888","keyword":" 타악기 ","value":" 타악기","type":"CATEGORY"}
{"index":{}}
{"id":"11889","keyword":" 현악기 ","value":" 현악기","type":"CATEGORY"}
{"index":{}}
{"id":"11890","keyword":" 관악기 ","value":" 관악기","type":"CATEGORY"}
{"index":{}}
{"id":"12762","keyword":" 공유기 패키지 ","value":" 공유기, 랜","type":"CATEGORY"}
{"index":{}}
{"id":"13390","keyword":" 쿨러 ","value":" 쿨러","type":"CATEGORY"}
{"index":{}}
{"id":"13454","keyword":" 만보계 ","value":" 만보계","type":"CATEGORY"}
{"index":{}}
{"id":"13461","keyword":" 등산화 ","value":" 신발","type":"CATEGORY"}
{"index":{}}
{"id":"21566","keyword":" 어린이도서 ","value":" 도서","type":"CATEGORY"}
{"index":{}}
{"id":"13463","keyword":" 등산배낭 ","value":" 가방","type":"CATEGORY"}
{"index":{}}
{"id":"13466","keyword":" 헤드랜턴 ","value":" 랜턴","type":"CATEGORY"}
{"index":{}}
{"id":"58573","keyword":" 해먹 ","value":" 해먹","type":"CATEGORY"}
{"index":{}}
{"id":"13470","keyword":" 경등산화 ","value":" 경등산화","type":"CATEGORY"}
{"index":{}}
{"id":"49495","keyword":" 스키장비 ","value":" 스키","type":"CATEGORY"}
{"index":{}}
{"id":"13471","keyword":" 중등산화 ","value":" 중등산화","type":"CATEGORY"}
{"index":{}}
{"id":"13557","keyword":" 스쿠터 ","value":" 스쿠터","type":"CATEGORY"}
{"index":{}}
{"id":"13558","keyword":" 오토바이 ","value":" 오토바이","type":"CATEGORY"}
{"index":{}}
{"id":"56884","keyword":" 램프/LED/HID ","value":" 램프","type":"CATEGORY"}
{"index":{}}
{"id":"13582","keyword":" 인라인 ","value":" 인라인","type":"CATEGORY"}
{"index":{}}
{"id":"13625","keyword":" 보솜이 ","value":" 기저귀","type":"CATEGORY"}
{"index":{}}
{"id":"22878","keyword":" 계산기 ","value":" 계산기","type":"CATEGORY"}
{"index":{}}
{"id":"13629","keyword":" 군기저귀 ","value":" 기저귀","type":"CATEGORY"}
{"index":{}}
{"id":"13632","keyword":" 기타기저귀 ","value":" 기저귀","type":"CATEGORY"}
{"index":{}}
{"id":"13633","keyword":" 천기저귀 ","value":" 기저귀","type":"CATEGORY"}
{"index":{}}
{"id":"13663","keyword":" CPU 쿨러 ","value":" 쿨러","type":"CATEGORY"}
{"index":{}}
{"id":"13782","keyword":" 그랑노블 ","value":" 분유","type":"CATEGORY"}
{"index":{}}
{"id":"59288","keyword":" 글러브 ","value":" 글러브","type":"CATEGORY"}
{"index":{}}
{"id":"13664","keyword":" VGA 쿨러 ","value":" 쿨러","type":"CATEGORY"}
{"index":{}}
{"id":"13665","keyword":" 시스템 쿨러 ","value":" 쿨러","type":"CATEGORY"}
{"index":{}}
{"id":"13666","keyword":" SSD/HDD 쿨러 ","value":" 쿨러","type":"CATEGORY"}
{"index":{}}
{"id":"13667","keyword":" RAM 쿨러 ","value":" 쿨러","type":"CATEGORY"}
{"index":{}}
{"id":"13670","keyword":" 킥보드 ","value":" 킥보드","type":"CATEGORY"}
{"index":{}}
{"id":"48049","keyword":" XBOX ONE-H/W ","value":" 게임기","type":"CATEGORY"}
{"index":{}}
{"id":"13742","keyword":" 부력조절기 ","value":" 부력조절기","type":"CATEGORY"}
{"index":{}}
{"id":"59596","keyword":" 보스턴/이민가방 ","value":" 가방","type":"CATEGORY"}
{"index":{}}
{"id":"13759","keyword":" 해외브랜드 ","value":" 분유","type":"CATEGORY"}
{"index":{}}
{"id":"33228","keyword":" 진공포장기 ","value":" 포장기","type":"CATEGORY"}
{"index":{}}
{"id":"13765","keyword":" 앱솔루트 궁 ","value":" 분유","type":"CATEGORY"}
{"index":{}}
{"id":"36960","keyword":" 립 ","value":" 립","type":"CATEGORY"}
{"index":{}}
{"id":"13767","keyword":" 매일맘마QT ","value":" 분유","type":"CATEGORY"}
{"index":{}}
{"id":"13769","keyword":" 유기농 산양 ","value":" 분유","type":"CATEGORY"}
{"index":{}}
{"id":"31444","keyword":" 플로터 ","value":" 플로터프린터","type":"CATEGORY"}
{"index":{}}
{"id":"13770","keyword":" 프리미엄/임페리얼XO ","value":" 분유","type":"CATEGORY"}
{"index":{}}
{"id":"22577","keyword":" 이유식 ","value":" 이유식","type":"CATEGORY"}
{"index":{}}
{"id":"58799","keyword":" 멀티 케이블 ","value":" 케이블","type":"CATEGORY"}
{"index":{}}
{"id":"13773","keyword":" 마더스오가닉 ","value":" 분유","type":"CATEGORY"}
{"index":{}}
{"id":"13774","keyword":" 아이엠마더 ","value":" 분유","type":"CATEGORY"}
{"index":{}}
{"id":"52493","keyword":" 비치웨어 ","value":" 수영","type":"CATEGORY"}
{"index":{}}
{"id":"13775","keyword":" 슈퍼프리미엄 퀸 ","value":" 분유","type":"CATEGORY"}
{"index":{}}
{"id":"25625","keyword":" 제본기 ","value":" 제본기","type":"CATEGORY"}
{"index":{}}
{"id":"13780","keyword":" 프리미엄 산양분유 ","value":" 분유","type":"CATEGORY"}
{"index":{}}
{"id":"42201","keyword":" 컴포트화 ","value":" 컴포트화","type":"CATEGORY"}
{"index":{}}
{"id":"54571","keyword":" 세제 ","value":" 세제","type":"CATEGORY"}
{"index":{}}
{"id":"13781","keyword":" 트윙클 ","value":" 분유","type":"CATEGORY"}
{"index":{}}
{"id":"13783","keyword":" 위드맘 ","value":" 분유","type":"CATEGORY"}
{"index":{}}
{"id":"13784","keyword":" 누셍오가닉 ","value":" 분유","type":"CATEGORY"}
{"index":{}}
{"id":"13785","keyword":" 누셍산양분유 ","value":" 분유","type":"CATEGORY"}
{"index":{}}
{"id":"13827","keyword":" 환풍기 ","value":" 환풍기","type":"CATEGORY"}
{"index":{}}
{"id":"59580","keyword":" 천공기 ","value":" 천공기","type":"CATEGORY"}
{"index":{}}
{"id":"13837","keyword":" 핸드드라이기 ","value":" 드라이기","type":"CATEGORY"}
{"index":{}}
{"id":"13864","keyword":" 유모차 ","value":" 유모차","type":"CATEGORY"}
{"index":{}}
{"id":"58918","keyword":" 컬러 레이저 프린터 ","value":" 프린터","type":"CATEGORY"}
{"index":{}}
{"id":"13865","keyword":" 카시트 ","value":" 카시트","type":"CATEGORY"}
{"index":{}}
{"id":"59240","keyword":" 족구 ","value":" 족구","type":"CATEGORY"}
{"index":{}}
{"id":"59509","keyword":" 직소 ","value":" 직소","type":"CATEGORY"}
{"index":{}}
{"id":"13892","keyword":" 배터리 ","value":" 배터리","type":"CATEGORY"}
{"index":{}}
{"id":"43445","keyword":" 산양분유 ","value":" 분유","type":"CATEGORY"}
{"index":{}}
{"id":"14320","keyword":" DC to DC ","value":" 파워","type":"CATEGORY"}
{"index":{}}
{"id":"14687","keyword":" 초유밀플러스 ","value":" 분유","type":"CATEGORY"}
{"index":{}}
{"id":"14883","keyword":" 크기별 ","value":" 모니터","type":"CATEGORY"}
{"index":{}}
{"id":"14976","keyword":" E-BOOK ","value":" 도서","type":"CATEGORY"}
{"index":{}}
{"id":"15017","keyword":" 외국어 ","value":" 외국어","type":"CATEGORY"}
{"index":{}}
{"id":"15283","keyword":" 모자 ","value":" 모자","type":"CATEGORY"}
{"index":{}}
{"id":"15290","keyword":" 귀걸이.피어싱 ","value":" 쥬얼리, 귀걸이","type":"CATEGORY"}
{"index":{}}
{"id":"59341","keyword":" 낚싯줄 ","value":" 낚싯줄","type":"CATEGORY"}
{"index":{}}
{"id":"15291","keyword":" 목걸이.펜던트 ","value":" 쥬얼리","type":"CATEGORY"}
{"index":{}}
{"id":"32229","keyword":" 버너 ","value":" 버너","type":"CATEGORY"}
{"index":{}}
{"id":"15292","keyword":" 반지 ","value":" 쥬얼리, 반지","type":"CATEGORY"}
{"index":{}}
{"id":"15293","keyword":" 팔찌.발찌 ","value":" 쥬얼리","type":"CATEGORY"}
{"index":{}}
{"id":"39696","keyword":" 캡슐커피머신 ","value":" 커피","type":"CATEGORY"}
{"index":{}}
{"id":"15294","keyword":" 순금.순은 ","value":" 쥬얼리","type":"CATEGORY"}
{"index":{}}
{"id":"15506","keyword":" 추천도서 ","value":" 도서","type":"CATEGORY"}
{"index":{}}
{"id":"15509","keyword":" 침구청소기 ","value":" 청소기","type":"CATEGORY"}
{"index":{}}
{"id":"15529","keyword":" 원두분쇄기 ","value":" 커피, 분쇄기","type":"CATEGORY"}
{"index":{}}
{"id":"15727","keyword":" 벽걸이형 ","value":" 에어컨","type":"CATEGORY"}
{"index":{}}
{"id":"15731","keyword":" 스탠드형 ","value":" 에어컨","type":"CATEGORY"}
{"index":{}}
{"id":"23233","keyword":" 드라이버 ","value":" 드라이버, 골프채","type":"CATEGORY"}
{"index":{}}
{"id":"16020","keyword":" 리피터 ","value":" 리피터","type":"CATEGORY"}
{"index":{}}
{"id":"41009","keyword":" 스타킹 ","value":" 스타킹","type":"CATEGORY"}
{"index":{}}
{"id":"16111","keyword":" 명품유기농 ","value":" 분유","type":"CATEGORY"}
{"index":{}}
{"id":"58933","keyword":" 바코드 스캐너 ","value":" 스캐너","type":"CATEGORY"}
{"index":{}}
{"id":"17498","keyword":" 어린이용 굿나이트 ","value":" 굿나이트","type":"CATEGORY"}
{"index":{}}
{"id":"32163","keyword":" 취사용품 ","value":" 취사","type":"CATEGORY"}
{"index":{}}
{"id":"57164","keyword":" 여성 브랜드의류 ","value":" 의류","type":"CATEGORY"}
{"index":{}}
{"id":"17718","keyword":" 연탄/화목난로 ","value":" 연탄, 화목난로, 히터","type":"CATEGORY"}
{"index":{}}
{"id":"49734","keyword":" 포터블스피커 ","value":" 스피커","type":"CATEGORY"}
{"index":{}}
{"id":"17942","keyword":" 리퍼비시 HDD ","value":" HDD","type":"CATEGORY"}
{"index":{}}
{"id":"59270","keyword":" 족구화 ","value":" 족구화, 신발","type":"CATEGORY"}
{"index":{}}
{"id":"17958","keyword":" 입시/수험서/취업 ","value":" 도서","type":"CATEGORY"}
{"index":{}}
{"id":"58570","keyword":" 테이블 ","value":" 테이블","type":"CATEGORY"}
{"index":{}}
{"id":"18058","keyword":" DVD ","value":" 케이블","type":"CATEGORY"}
{"index":{}}
{"id":"32654","keyword":" 키스킨 ","value":" 키스킨","type":"CATEGORY"}
{"index":{}}
{"id":"59277","keyword":" 탁구라켓 ","value":" 라켓","type":"CATEGORY"}
{"index":{}}
{"id":"18654","keyword":" 컨버터 ","value":" 컨버터","type":"CATEGORY"}
{"index":{}}
{"id":"59540","keyword":" 운반/카트 ","value":" 카트","type":"CATEGORY"}
{"index":{}}
{"id":"18831","keyword":" iPod 케이블 ","value":" 케이블","type":"CATEGORY"}
{"index":{}}
{"id":"19186","keyword":" 스패츠 ","value":" 스패츠","type":"CATEGORY"}
{"index":{}}
{"id":"19226","keyword":" 모노케이블 ","value":" 케이블","type":"CATEGORY"}
{"index":{}}
{"id":"19558","keyword":" 마이크 케이블 ","value":" 케이블","type":"CATEGORY"}
{"index":{}}
{"id":"49513","keyword":" 스키 폴 ","value":" 스키폴","type":"CATEGORY"}
{"index":{}}
{"id":"19563","keyword":" 다나와PC ","value":" PC","type":"CATEGORY"}
{"index":{}}
{"id":"20064","keyword":" 자전거 ","value":" 자전거","type":"CATEGORY"}
{"index":{}}
{"id":"21451","keyword":" 3D 입체안경 ","value":" 3D","type":"CATEGORY"}
{"index":{}}
{"id":"38275","keyword":" 이젤 ","value":" 이젤","type":"CATEGORY"}
{"index":{}}
{"id":"39536","keyword":" 리더기 ","value":" 리더기","type":"CATEGORY"}
{"index":{}}
{"id":"54529","keyword":" 압력솥 ","value":" 솥, 밥솥","type":"CATEGORY"}
{"index":{}}
{"id":"21522","keyword":" 신생아의류 ","value":" 의류","type":"CATEGORY"}
{"index":{}}
{"id":"21523","keyword":" 유아동의류 ","value":" 의류","type":"CATEGORY"}
{"index":{}}
{"id":"45871","keyword":" 가방 ","value":" 가방","type":"CATEGORY"}
{"index":{}}
{"id":"21564","keyword":" 놀이책 ","value":" 도서","type":"CATEGORY"}
{"index":{}}
{"id":"21565","keyword":" 그림/동화책 ","value":" 도서","type":"CATEGORY"}
{"index":{}}
{"id":"54573","keyword":" 섬유유연제 ","value":" 유연제","type":"CATEGORY"}
{"index":{}}
{"id":"21567","keyword":" 교육/학습 ","value":" 도서","type":"CATEGORY"}
{"index":{}}
{"id":"21613","keyword":" 베이비웰/본 ","value":" 분유","type":"CATEGORY"}
{"index":{}}
{"id":"21614","keyword":" 맘마밀/보글보글 ","value":" 이유식","type":"CATEGORY"}
{"index":{}}
{"id":"58385","keyword":" 붙박이장 ","value":" 붙박이장, 가구, 장롱","type":"CATEGORY"}
{"index":{}}
{"id":"21616","keyword":" 호프닥터/알레기 ","value":" 분유","type":"CATEGORY"}
{"index":{}}
{"id":"21619","keyword":" 트루맘 쏘이/닥터 ","value":" 분유","type":"CATEGORY"}
{"index":{}}
{"id":"26377","keyword":" 앱솔루트 센서티브 ","value":" 분유","type":"CATEGORY"}
{"index":{}}
{"id":"21874","keyword":" 초점/헝겊책 ","value":" 도서","type":"CATEGORY"}
{"index":{}}
{"id":"22383","keyword":" 정리/수납가구 ","value":" 가구","type":"CATEGORY"}
{"index":{}}
{"id":"22646","keyword":" 일반형 ","value":" 내비게이션","type":"CATEGORY"}
{"index":{}}
{"id":"22649","keyword":" 매립형 ","value":" 내비게이션","type":"CATEGORY"}
{"index":{}}
{"id":"22656","keyword":" 보조/전용배터리 ","value":" 배터리","type":"CATEGORY"}
{"index":{}}
{"id":"22824","keyword":" 문서세단기 ","value":" 세단기","type":"CATEGORY"}
{"index":{}}
{"id":"22829","keyword":" 금고 ","value":" 금고","type":"CATEGORY"}
{"index":{}}
{"id":"22882","keyword":" 재단기 ","value":" 재단기","type":"CATEGORY"}
{"index":{}}
{"id":"58920","keyword":" 잉크젯 프린터 ","value":" 프린터","type":"CATEGORY"}
{"index":{}}
{"id":"22883","keyword":" 천공기 ","value":" 천공기","type":"CATEGORY"}
{"index":{}}
{"id":"23085","keyword":" 스피커 ","value":" 스피커","type":"CATEGORY"}
{"index":{}}
{"id":"23232","keyword":" 풀세트 ","value":" 골프채","type":"CATEGORY"}
{"index":{}}
{"id":"23234","keyword":" 아이언 ","value":" 아이언, 골프채","type":"CATEGORY"}
{"index":{}}
{"id":"59383","keyword":" 프라모델 ","value":" 프라모델,완구","type":"CATEGORY"}
{"index":{}}
{"id":"23236","keyword":" 페어웨이우드 ","value":" 페어웨이, 골프채","type":"CATEGORY"}
{"index":{}}
{"id":"23237","keyword":" 웨지/치퍼 ","value":" 골프채","type":"CATEGORY"}
{"index":{}}
{"id":"56770","keyword":" 차량용 시트 ","value":" 카시트","type":"CATEGORY"}
{"index":{}}
{"id":"23238","keyword":" 퍼터 ","value":" 퍼터, 골프채","type":"CATEGORY"}
{"index":{}}
{"id":"59672","keyword":" 날면도기/면도날/소모품 ","value":" 면도날, 면도기","type":"CATEGORY"}
{"index":{}}
{"id":"24423","keyword":" 원목 ","value":" 의자","type":"CATEGORY"}
{"index":{}}
{"id":"25901","keyword":" 전자식비데 ","value":" 비데","type":"CATEGORY"}
{"index":{}}
{"id":"25903","keyword":" 기계식비데 ","value":" 비데","type":"CATEGORY"}
{"index":{}}
{"id":"25941","keyword":" 공기순환기 ","value":" 순환기","type":"CATEGORY"}
{"index":{}}
{"id":"26299","keyword":" DP ","value":" 케이블","type":"CATEGORY"}
{"index":{}}
{"id":"26317","keyword":" 냉난방/업소용 ","value":" 에어컨","type":"CATEGORY"}
{"index":{}}
{"id":"33765","keyword":" 모자/썬캡 ","value":" 모자","type":"CATEGORY"}
{"index":{}}
{"id":"26962","keyword":" 마미포코 ","value":" 기저귀","type":"CATEGORY"}
{"index":{}}
{"id":"27619","keyword":" 즉석카메라 ","value":" 카메라","type":"CATEGORY"}
{"index":{}}
{"id":"58601","keyword":" 도어락 ","value":" 도어락","type":"CATEGORY"}
{"index":{}}
{"id":"28321","keyword":" 전기오븐 ","value":" 오븐","type":"CATEGORY"}
{"index":{}}
{"id":"29469","keyword":" 가스레인지(일반형/복합형) ","value":" 레인지","type":"CATEGORY"}
{"index":{}}
{"id":"29471","keyword":" 가스레인지(업소용) ","value":" 레인지","type":"CATEGORY"}
{"index":{}}
{"id":"29522","keyword":" 디지털캠코더 ","value":" 캠코더","type":"CATEGORY"}
{"index":{}}
{"id":"29891","keyword":" 초소형/액션캠 ","value":" 캠코더","type":"CATEGORY"}
{"index":{}}
{"id":"59156","keyword":" 공기청정기 ","value":" 청정기","type":"CATEGORY"}
{"index":{}}
{"id":"30944","keyword":" 워크스테이션 ","value":" 워크스테이션","type":"CATEGORY"}
{"index":{}}
{"id":"31445","keyword":" 도트 프린터 ","value":" 프린터","type":"CATEGORY"}
{"index":{}}
{"id":"31452","keyword":" 라벨 프린터 ","value":" 프린터","type":"CATEGORY"}
{"index":{}}
{"id":"31593","keyword":" PA앰프 ","value":" 앰프","type":"CATEGORY"}
{"index":{}}
{"id":"31594","keyword":" PA스피커 ","value":" 스피커","type":"CATEGORY"}
{"index":{}}
{"id":"31597","keyword":" 마이크 ","value":" 마이크","type":"CATEGORY"}
{"index":{}}
{"id":"58921","keyword":" 정품무한 프린터 ","value":" 프린터","type":"CATEGORY"}
{"index":{}}
{"id":"31687","keyword":" 안테나 ","value":" 안테나","type":"CATEGORY"}
{"index":{}}
{"id":"31688","keyword":" 리모컨 ","value":" 리모컨","type":"CATEGORY"}
{"index":{}}
{"id":"31819","keyword":" 접지기 ","value":" 접지기","type":"CATEGORY"}
{"index":{}}
{"id":"59522","keyword":" 테스터기 ","value":" 테스터기","type":"CATEGORY"}
{"index":{}}
{"id":"32058","keyword":" CD/DVD 프린터 ","value":" 프린터","type":"CATEGORY"}
{"index":{}}
{"id":"32230","keyword":" 코펠 ","value":" 코펠","type":"CATEGORY"}
{"index":{}}
{"id":"32303","keyword":" 의자 ","value":" 가구","type":"CATEGORY"}
{"index":{}}
{"id":"39134","keyword":" 칠판/보드 ","value":" 칠판","type":"CATEGORY"}
{"index":{}}
{"id":"32347","keyword":" 간이/보조의자 ","value":" 의자","type":"CATEGORY"}
{"index":{}}
{"id":"32541","keyword":" 노래반주기 ","value":" 반주기","type":"CATEGORY"}
{"index":{}}
{"id":"32621","keyword":" NAS ","value":" NAS","type":"CATEGORY"}
{"index":{}}
{"id":"32623","keyword":" 내장형 SSD ","value":" SSD","type":"CATEGORY"}
{"index":{}}
{"id":"37199","keyword":" 에어워셔 ","value":" 청정기","type":"CATEGORY"}
{"index":{}}
{"id":"33218","keyword":" 전기팬 ","value":" 전기팬","type":"CATEGORY"}
{"index":{}}
{"id":"33222","keyword":" 튀김기 ","value":" 튀김기","type":"CATEGORY"}
{"index":{}}
{"id":"56854","keyword":" 커피/차 ","value":" 차","type":"CATEGORY"}
{"index":{}}
{"id":"59189","keyword":" 청소기 ","value":" 청소기","type":"CATEGORY"}
{"index":{}}
{"id":"33233","keyword":" 영양식/발효기 ","value":" 발효기","type":"CATEGORY"}
{"index":{}}
{"id":"33579","keyword":" 필기용품 ","value":" 필기, 문구","type":"CATEGORY"}
{"index":{}}
{"id":"59379","keyword":" 교육완구 ","value":" 완구","type":"CATEGORY"}
{"index":{}}
{"id":"33763","keyword":" 시계 ","value":" 시계","type":"CATEGORY"}
{"index":{}}
{"id":"33787","keyword":" 아동쥬얼리 ","value":" 쥬얼리","type":"CATEGORY"}
{"index":{}}
{"id":"34128","keyword":" 만년필 ","value":" 만년필","type":"CATEGORY"}
{"index":{}}
{"id":"35223","keyword":" 볼펜 ","value":" 볼펜","type":"CATEGORY"}
{"index":{}}
{"id":"59389","keyword":" 다이캐스트 ","value":" 프라모델,완구","type":"CATEGORY"}
{"index":{}}
{"id":"36071","keyword":" 닌텐도3DS ","value":" 게임, 닌텐도","type":"CATEGORY"}
{"index":{}}
{"id":"36072","keyword":" PS Vita ","value":" 게임, 플레이스테이션","type":"CATEGORY"}
{"index":{}}
{"id":"36073","keyword":" Wii U ","value":" 게임, 닌텐도, Wii","type":"CATEGORY"}
{"index":{}}
{"id":"59190","keyword":" 냉장고 ","value":" 냉장고","type":"CATEGORY"}
{"index":{}}
{"id":"59226","keyword":" 자전거 신발 ","value":" 신발","type":"CATEGORY"}
{"index":{}}
{"id":"36077","keyword":" 3DS-H/W ","value":" 게임기","type":"CATEGORY"}
{"index":{}}
{"id":"59142","keyword":" 전동스쿠터 ","value":" 스쿠터","type":"CATEGORY"}
{"index":{}}
{"id":"36079","keyword":" Vita-H/W ","value":" 게임기","type":"CATEGORY"}
{"index":{}}
{"id":"48987","keyword":" 녹즙기 ","value":" 녹즙기","type":"CATEGORY"}
{"index":{}}
{"id":"36924","keyword":" 향수 ","value":" 향수","type":"CATEGORY"}
{"index":{}}
{"id":"37137","keyword":" 가습기 ","value":" 가습기","type":"CATEGORY"}
{"index":{}}
{"id":"37175","keyword":" 공기청정기 ","value":" 청정기","type":"CATEGORY"}
{"index":{}}
{"id":"38250","keyword":" 화방용품 ","value":" 화방, 문구","type":"CATEGORY"}
{"index":{}}
{"id":"38723","keyword":" 파일/사무용품 ","value":" 문구","type":"CATEGORY"}
{"index":{}}
{"id":"49503","keyword":" 플레이트 ","value":" 플레이트","type":"CATEGORY"}
{"index":{}}
{"id":"38768","keyword":" 태블릿 ","value":" 태블릿","type":"CATEGORY"}
{"index":{}}
{"id":"39401","keyword":" 주니어풀세트 ","value":" 골프채","type":"CATEGORY"}
{"index":{}}
{"id":"39535","keyword":" 메모리카드 ","value":" 메모리","type":"CATEGORY"}
{"index":{}}
{"id":"40939","keyword":" 여성가방 ","value":" 가방","type":"CATEGORY"}
{"index":{}}
{"id":"58844","keyword":" 용지/봉투 ","value":" 문구","type":"CATEGORY"}
{"index":{}}
{"id":"40940","keyword":" 남성가방 ","value":" 가방","type":"CATEGORY"}
{"index":{}}
{"id":"40941","keyword":" 캐주얼가방 ","value":" 가방","type":"CATEGORY"}
{"index":{}}
{"id":"41007","keyword":" 안경테 ","value":" 안경테","type":"CATEGORY"}
{"index":{}}
{"id":"57876","keyword":" 지갑 ","value":" 지갑","type":"CATEGORY"}
{"index":{}}
{"id":"41697","keyword":" 베비언스 ","value":" 분유","type":"CATEGORY"}
{"index":{}}
{"id":"41833","keyword":" 차량용 배터리 ","value":" 배터리","type":"CATEGORY"}
{"index":{}}
{"id":"41837","keyword":" 충전기 ","value":" 충전기","type":"CATEGORY"}
{"index":{}}
{"id":"42042","keyword":" 케이스 ","value":" 가방","type":"CATEGORY"}
{"index":{}}
{"id":"42185","keyword":" 빙벽화 ","value":" 빙벽화","type":"CATEGORY"}
{"index":{}}
{"id":"42252","keyword":" 세트상품 ","value":" 쥬얼리","type":"CATEGORY"}
{"index":{}}
{"id":"45038","keyword":" 플레이스테이션4 ","value":" 게임, 플레이스테이션","type":"CATEGORY"}
{"index":{}}
{"id":"45039","keyword":" PS4-H/W ","value":" 게임기","type":"CATEGORY"}
{"index":{}}
{"id":"56167","keyword":" 거실의자 ","value":" 의자","type":"CATEGORY"}
{"index":{}}
{"id":"45872","keyword":" 신발 ","value":" 신발","type":"CATEGORY"}
{"index":{}}
{"id":"46202","keyword":" 리클라이너 ","value":" 리클라이너, 의자","type":"CATEGORY"}
{"index":{}}
{"id":"46825","keyword":" 비타민 ","value":" 비타민","type":"CATEGORY"}
{"index":{}}
{"id":"46897","keyword":" 김치 ","value":" 김치","type":"CATEGORY"}
{"index":{}}
{"id":"47161","keyword":" 드레스룸 ","value":" 드레스룸, 가구","type":"CATEGORY"}
{"index":{}}
{"id":"47255","keyword":" XBOX ONE ","value":" 게임, XBOX","type":"CATEGORY"}
{"index":{}}
{"id":"49984","keyword":" 시타/중고/해외클럽 ","value":" 골프채","type":"CATEGORY"}
{"index":{}}
{"id":"48766","keyword":" SKT ","value":" 휴대폰","type":"CATEGORY"}
{"index":{}}
{"id":"48767","keyword":" KT olleh ","value":" 휴대폰","type":"CATEGORY"}
{"index":{}}
{"id":"48768","keyword":" LG U+ ","value":" 휴대폰","type":"CATEGORY"}
{"index":{}}
{"id":"48829","keyword":" 자급제/언락폰 ","value":" 공기계, 휴대폰","type":"CATEGORY"}
{"index":{}}
{"id":"49045","keyword":" 놀이방매트 ","value":" 매트","type":"CATEGORY"}
{"index":{}}
{"id":"59279","keyword":" 탁구대 ","value":" 탁구대","type":"CATEGORY"}
{"index":{}}
{"id":"49183","keyword":" 전자레인지 ","value":" 레인지","type":"CATEGORY"}
{"index":{}}
{"id":"49277","keyword":" 헬스벨트 ","value":" 벨트","type":"CATEGORY"}
{"index":{}}
{"id":"49283","keyword":" 트램폴린 ","value":" 트램폴린","type":"CATEGORY"}
{"index":{}}
{"id":"59140","keyword":" 전동킥보드 ","value":" 킥보드","type":"CATEGORY"}
{"index":{}}
{"id":"49285","keyword":" 줄넘기 ","value":" 줄넘기","type":"CATEGORY"}
{"index":{}}
{"id":"49297","keyword":" 철봉 ","value":" 철봉","type":"CATEGORY"}
{"index":{}}
{"id":"49302","keyword":" 짐볼 ","value":" 짐볼","type":"CATEGORY"}
{"index":{}}
{"id":"49494","keyword":" 보드장비 ","value":" 보드","type":"CATEGORY"}
{"index":{}}
{"id":"49526","keyword":" 고글 ","value":" 고글","type":"CATEGORY"}
{"index":{}}
{"id":"49544","keyword":" 썰매 ","value":" 썰매","type":"CATEGORY"}
{"index":{}}
{"id":"49732","keyword":" 포터블오디오 ","value":" 오디오","type":"CATEGORY"}
{"index":{}}
{"id":"49739","keyword":" 헤드폰 ","value":" 헤드폰","type":"CATEGORY"}
{"index":{}}
{"id":"57786","keyword":" 스키보드복 ","value":" 의류","type":"CATEGORY"}
{"index":{}}
{"id":"49954","keyword":" 골프가방 ","value":" 가방","type":"CATEGORY"}
{"index":{}}
{"id":"59257","keyword":" 태권도 ","value":" 태권도","type":"CATEGORY"}
{"index":{}}
{"id":"49955","keyword":" 골프화 ","value":" 골프화","type":"CATEGORY"}
{"index":{}}
{"id":"49956","keyword":" 골프공 ","value":" 골프공","type":"CATEGORY"}
{"index":{}}
{"id":"58540","keyword":" 싸이클 ","value":" 싸이클","type":"CATEGORY"}
{"index":{}}
{"id":"49974","keyword":" 퍼팅연습 ","value":" 퍼팅","type":"CATEGORY"}
{"index":{}}
{"id":"57778","keyword":" 카드 프린터 ","value":" 프린터","type":"CATEGORY"}
{"index":{}}
{"id":"50381","keyword":" 견과류 ","value":" 견과, 견과류","type":"CATEGORY"}
{"index":{}}
{"id":"59256","keyword":" 검도 ","value":" 검도","type":"CATEGORY"}
{"index":{}}
{"id":"50912","keyword":" 토너 충전기 ","value":" 충전기","type":"CATEGORY"}
{"index":{}}
{"id":"51244","keyword":" 텐트 ","value":" 텐트","type":"CATEGORY"}
{"index":{}}
{"id":"51245","keyword":" 타프 ","value":" 타프","type":"CATEGORY"}
{"index":{}}
{"id":"51247","keyword":" 침낭 ","value":" 침낭","type":"CATEGORY"}
{"index":{}}
{"id":"51294","keyword":" 충전기 ","value":" 충전기","type":"CATEGORY"}
{"index":{}}
{"id":"58914","keyword":" 무한/단품 복합기 ","value":" 복합기, 프린터","type":"CATEGORY"}
{"index":{}}
{"id":"52492","keyword":" 수영복 ","value":" 수영, 수영복","type":"CATEGORY"}
{"index":{}}
{"id":"54525","keyword":" 냄비 ","value":" 냄비","type":"CATEGORY"}
{"index":{}}
{"id":"54590","keyword":" 커피용품 ","value":" 커피","type":"CATEGORY"}
{"index":{}}
{"id":"55867","keyword":" 자전거 의류 ","value":" 의류","type":"CATEGORY"}
{"index":{}}
{"id":"56243","keyword":" DDR4 ","value":" DDR, DDR4","type":"CATEGORY"}
{"index":{}}
{"id":"59681","keyword":" 셋팅롤 ","value":" 셋팅롤","type":"CATEGORY"}
{"index":{}}
{"id":"56403","keyword":" 와이퍼 ","value":" 와이퍼","type":"CATEGORY"}
{"index":{}}
{"id":"56769","keyword":" 차량용 매트 ","value":" 매트","type":"CATEGORY"}
{"index":{}}
{"id":"56861","keyword":" 커피 ","value":" 커피","type":"CATEGORY"}
{"index":{}}
{"id":"56982","keyword":" 생수 ","value":" 생수","type":"CATEGORY"}
{"index":{}}
{"id":"59282","keyword":" 셔틀콕 ","value":" 셔틀콕","type":"CATEGORY"}
{"index":{}}
{"id":"56986","keyword":" HID ","value":" HID","type":"CATEGORY"}
{"index":{}}
{"id":"59021","keyword":" 골프모자 ","value":" 모자","type":"CATEGORY"}
{"index":{}}
{"id":"57165","keyword":" 남성 브랜드의류 ","value":" 의류","type":"CATEGORY"}
{"index":{}}
{"id":"59575","keyword":" 발전기 ","value":" 발전기","type":"CATEGORY"}
{"index":{}}
{"id":"57166","keyword":" 캐주얼 브랜드의류 ","value":" 의류","type":"CATEGORY"}
{"index":{}}
{"id":"57246","keyword":" 트렌드 의류 ","value":" 의류","type":"CATEGORY"}
{"index":{}}
{"id":"57284","keyword":" DSLR ","value":" DSLR","type":"CATEGORY"}
{"index":{}}
{"id":"57293","keyword":" 낚싯대 ","value":" 낚시대","type":"CATEGORY"}
{"index":{}}
{"id":"57837","keyword":" 운동화 ","value":" 신발","type":"CATEGORY"}
{"index":{}}
{"id":"57841","keyword":" 브랜드 가방 ","value":" 가방","type":"CATEGORY"}
{"index":{}}
{"id":"57859","keyword":" 커튼 ","value":" 커튼","type":"CATEGORY"}
{"index":{}}
{"id":"57906","keyword":" 공구/산업기계 ","value":" 공구","type":"CATEGORY"}
{"index":{}}
{"id":"58373","keyword":" 여성구두 ","value":" 신발","type":"CATEGORY"}
{"index":{}}
{"id":"58374","keyword":" 남성구두 ","value":" 신발","type":"CATEGORY"}
{"index":{}}
{"id":"58375","keyword":" 샌들/슬리퍼 ","value":" 신발","type":"CATEGORY"}
{"index":{}}
{"id":"58376","keyword":" 캐주얼화/스니커즈 ","value":" 신발","type":"CATEGORY"}
{"index":{}}
{"id":"58377","keyword":" 워커/부츠 ","value":" 신발","type":"CATEGORY"}
{"index":{}}
{"id":"58384","keyword":" 장롱 ","value":" 장롱, 가구","type":"CATEGORY"}
{"index":{}}
{"id":"58442","keyword":" 플래시/라이트 ","value":" 플래시, 스트로브","type":"CATEGORY"}
{"index":{}}
{"id":"59285","keyword":" 스쿼시라켓 ","value":" 스쿼시, 라켓","type":"CATEGORY"}
{"index":{}}
{"id":"58520","keyword":" 요가복 ","value":" 요가복","type":"CATEGORY"}
{"index":{}}
{"id":"58551","keyword":" 인테리어 시계 ","value":" 시계","type":"CATEGORY"}
{"index":{}}
{"id":"58910","keyword":" 컬러 레이저 복합기 ","value":" 복합기, 프린터","type":"CATEGORY"}
{"index":{}}
{"id":"58563","keyword":" LED전구/조명 ","value":" 램프","type":"CATEGORY"}
{"index":{}}
{"id":"58564","keyword":" 전구 ","value":" 전구","type":"CATEGORY"}
{"index":{}}
{"id":"58605","keyword":" 사무용/인터넷/화상 ","value":" 전화기","type":"CATEGORY"}
{"index":{}}
{"id":"58606","keyword":" 인테리어 ","value":" 전화기","type":"CATEGORY"}
{"index":{}}
{"id":"58645","keyword":" 다리미 ","value":" 다리미","type":"CATEGORY"}
{"index":{}}
{"id":"58646","keyword":" 재봉틀 ","value":" 재봉틀","type":"CATEGORY"}
{"index":{}}
{"id":"58709","keyword":" 물걸레청소기 ","value":" 청소기","type":"CATEGORY"}
{"index":{}}
{"id":"58733","keyword":" 책상 ","value":" 책상, 가구","type":"CATEGORY"}
{"index":{}}
{"id":"58734","keyword":" 의자/소파 ","value":" 가구","type":"CATEGORY"}
{"index":{}}
{"id":"58797","keyword":" USB 케이블 ","value":" 케이블","type":"CATEGORY"}
{"index":{}}
{"id":"58798","keyword":" 애플 케이블 ","value":" 케이블","type":"CATEGORY"}
{"index":{}}
{"id":"58805","keyword":" 키스킨 ","value":" 키스킨","type":"CATEGORY"}
{"index":{}}
{"id":"58832","keyword":" 냉온수기 ","value":" 냉온수기","type":"CATEGORY"}
{"index":{}}
{"id":"59241","keyword":" 농구 ","value":" 농구","type":"CATEGORY"}
{"index":{}}
{"id":"58833","keyword":" 이온수기 ","value":" 이온수기","type":"CATEGORY"}
{"index":{}}
{"id":"58841","keyword":" 책장 ","value":" 책장","type":"CATEGORY"}
{"index":{}}
{"id":"58887","keyword":" 3D프린터 ","value":" 3D, 프린터","type":"CATEGORY"}
{"index":{}}
{"id":"58899","keyword":" CCTV/IP카메라 ","value":" CCTV","type":"CATEGORY"}
{"index":{}}
{"id":"58900","keyword":" CCTV세트 ","value":" CCTV","type":"CATEGORY"}
{"index":{}}
{"id":"58901","keyword":" 녹화기 ","value":" 녹화기","type":"CATEGORY"}
{"index":{}}
{"id":"58911","keyword":" 흑백 레이저 복합기 ","value":" 복합기, 프린터","type":"CATEGORY"}
{"index":{}}
{"id":"58912","keyword":" 잉크젯 복합기 ","value":" 복합기, 프린터","type":"CATEGORY"}
{"index":{}}
{"id":"59357","keyword":" 낚시모자 ","value":" 모자","type":"CATEGORY"}
{"index":{}}
{"id":"58915","keyword":" 병행수입 ","value":" 복합기, 프린터","type":"CATEGORY"}
{"index":{}}
{"id":"58922","keyword":" 무한/단품 프린터 ","value":" 프린터","type":"CATEGORY"}
{"index":{}}
{"id":"58923","keyword":" 병행수입 ","value":" 프린터","type":"CATEGORY"}
{"index":{}}
{"id":"58927","keyword":" 컬러 디지털복합기 ","value":" 복합기","type":"CATEGORY"}
{"index":{}}
{"id":"58928","keyword":" 흑백 디지털복합기 ","value":" 복합기","type":"CATEGORY"}
{"index":{}}
{"id":"58935","keyword":" SWITCH-H/W ","value":" 게임기","type":"CATEGORY"}
{"index":{}}
{"id":"59022","keyword":" 골프벨트 ","value":" 벨트","type":"CATEGORY"}
{"index":{}}
{"id":"59125","keyword":" 바코드 프린터 ","value":" 프린터","type":"CATEGORY"}
{"index":{}}
{"id":"59192","keyword":" 에어컴프레셔 ","value":" 컴프레서","type":"CATEGORY"}
{"index":{}}
{"id":"59200","keyword":" 남성등산의류 ","value":" 의류, 등산복","type":"CATEGORY"}
{"index":{}}
{"id":"59201","keyword":" 여성등산의류 ","value":" 의류, 등산복","type":"CATEGORY"}
{"index":{}}
{"id":"59219","keyword":" 모자 ","value":" 모자","type":"CATEGORY"}
{"index":{}}
{"id":"59222","keyword":" 전용세제 ","value":" 세제","type":"CATEGORY"}
{"index":{}}
{"id":"59234","keyword":" 축구 ","value":" 축구","type":"CATEGORY"}
{"index":{}}
{"id":"59242","keyword":" 배구 ","value":" 배구","type":"CATEGORY"}
{"index":{}}
{"id":"59395","keyword":" 로봇 ","value":" 로봇","type":"CATEGORY"}
{"index":{}}
{"id":"59245","keyword":" 권투 ","value":" 권투","type":"CATEGORY"}
{"index":{}}
{"id":"59253","keyword":" 탁구 ","value":" 탁구","type":"CATEGORY"}
{"index":{}}
{"id":"59442","keyword":" 전동차 ","value":" 전동차","type":"CATEGORY"}
{"index":{}}
{"id":"59260","keyword":" 야구화 ","value":" 야구화","type":"CATEGORY"}
{"index":{}}
{"id":"59262","keyword":" 야구배트 ","value":" 배트","type":"CATEGORY"}
{"index":{}}
{"id":"59263","keyword":" 야구공 ","value":" 야구공","type":"CATEGORY"}
{"index":{}}
{"id":"59266","keyword":" 축구화 ","value":" 축구화, 신발","type":"CATEGORY"}
{"index":{}}
{"id":"59267","keyword":" 축구공 ","value":" 축구공","type":"CATEGORY"}
{"index":{}}
{"id":"59271","keyword":" 족구공 ","value":" 족구공","type":"CATEGORY"}
{"index":{}}
{"id":"59272","keyword":" 농구공 ","value":" 농구공","type":"CATEGORY"}
{"index":{}}
{"id":"59274","keyword":" 배구화 ","value":" 배구화, 신발","type":"CATEGORY"}
{"index":{}}
{"id":"59275","keyword":" 배구공 ","value":" 배구공","type":"CATEGORY"}
{"index":{}}
{"id":"59276","keyword":" 탁구화 ","value":" 탁구화, 신발","type":"CATEGORY"}
{"index":{}}
{"id":"59355","keyword":" 낚시신발 ","value":" 신발","type":"CATEGORY"}
{"index":{}}
{"id":"59278","keyword":" 탁구공 ","value":" 탁구공","type":"CATEGORY"}
{"index":{}}
{"id":"59281","keyword":" 배드민턴라켓 ","value":" 배드민턴, 라켓","type":"CATEGORY"}
{"index":{}}
{"id":"59283","keyword":" 테니스라켓 ","value":" 테니스, 라켓","type":"CATEGORY"}
{"index":{}}
{"id":"59286","keyword":" 스쿼시공 ","value":" 스쿼시","type":"CATEGORY"}
{"index":{}}
{"id":"59299","keyword":" 외장SSD ","value":" SSD","type":"CATEGORY"}
{"index":{}}
{"id":"59314","keyword":" 화장대 ","value":" 화장대","type":"CATEGORY"}
{"index":{}}
{"id":"59354","keyword":" 낚시의류 ","value":" 의류","type":"CATEGORY"}
{"index":{}}
{"id":"59375","keyword":" 로봇/작동완구 ","value":" 완구","type":"CATEGORY"}
{"index":{}}
{"id":"59376","keyword":" 승용/대형완구 ","value":" 완구","type":"CATEGORY"}
{"index":{}}
{"id":"59377","keyword":" 영유아완구 ","value":" 완구","type":"CATEGORY"}
{"index":{}}
{"id":"59378","keyword":" 역할/활동완구 ","value":" 완구","type":"CATEGORY"}
{"index":{}}
{"id":"59381","keyword":" 무선모형(RC) ","value":" rc,완구","type":"CATEGORY"}
{"index":{}}
{"id":"59382","keyword":" 건담 ","value":" 건담, 프라모델,완구","type":"CATEGORY"}
{"index":{}}
{"id":"59384","keyword":" 피규어 ","value":" 피규어, 프라모델","type":"CATEGORY"}
{"index":{}}
{"id":"59385","keyword":" 서바이벌 ","value":" 완구","type":"CATEGORY"}
{"index":{}}
{"id":"59390","keyword":" 비행기/헬기 ","value":" 드론","type":"CATEGORY"}
{"index":{}}
{"id":"59393","keyword":" 로봇 ","value":" 로봇","type":"CATEGORY"}
{"index":{}}
{"id":"59437","keyword":" 로봇 ","value":" 로봇","type":"CATEGORY"}
{"index":{}}
{"id":"59443","keyword":" 유아자전거 ","value":" 자전거","type":"CATEGORY"}
{"index":{}}
{"id":"59466","keyword":" 레고 ","value":" 레고","type":"CATEGORY"}
{"index":{}}
{"id":"59468","keyword":" 퍼즐 ","value":" 퍼즐","type":"CATEGORY"}
{"index":{}}
{"id":"59493","keyword":" 연마공구 ","value":" 연마","type":"CATEGORY"}
{"index":{}}
{"id":"59497","keyword":" 수공구 ","value":" 수공구","type":"CATEGORY"}
{"index":{}}
{"id":"59517","keyword":" 그라인더 ","value":" 그라인더","type":"CATEGORY"}
{"index":{}}
{"id":"59519","keyword":" 조각기 ","value":" 조각기","type":"CATEGORY"}
{"index":{}}
{"id":"59521","keyword":" 변압기 ","value":" 변압기","type":"CATEGORY"}
{"index":{}}
{"id":"59527","keyword":" 저울 ","value":" 저울","type":"CATEGORY"}
{"index":{}}
{"id":"59531","keyword":" 타카 ","value":" 타카","type":"CATEGORY"}
{"index":{}}
{"id":"59532","keyword":" 인두기 ","value":" 인두기","type":"CATEGORY"}
{"index":{}}
{"id":"59537","keyword":" 재설기 ","value":" 제설기","type":"CATEGORY"}
{"index":{}}
{"id":"59553","keyword":" 드라이버 ","value":" 드라이버","type":"CATEGORY"}
{"index":{}}
{"id":"59558","keyword":" 예초기 ","value":" 예초기","type":"CATEGORY"}
{"index":{}}
{"id":"59573","keyword":" 에어컴프레서 ","value":" 컴프레서","type":"CATEGORY"}
{"index":{}}
{"id":"59577","keyword":" 압착기 ","value":" 압착기","type":"CATEGORY"}
{"index":{}}
{"id":"59582","keyword":" 리베터 ","value":" 리베터","type":"CATEGORY"}
{"index":{}}
{"id":"59595","keyword":" 캐리어 ","value":" 가방, 캐리어","type":"CATEGORY"}
{"index":{}}
{"id":"59599","keyword":" 구명조끼 ","value":" 수영, 구명","type":"CATEGORY"}
{"index":{}}
{"id":"59600","keyword":" 보트 ","value":" 보트","type":"CATEGORY"}
{"index":{}}
{"id":"59603","keyword":" 안마/마사지 ","value":" 안마, 안마기","type":"CATEGORY"}
{"index":{}}
{"id":"59662","keyword":" 향수 ","value":" 향수","type":"CATEGORY"}
{"index":{}}
{"id":"59671","keyword":" 전기면도기 ","value":" 면도기","type":"CATEGORY"}
{"index":{}}
{"id":"59673","keyword":" 여성용제모기 ","value":" 제모기","type":"CATEGORY"}
{"index":{}}
{"id":"59678","keyword":" 드라이어 ","value":" 드라이어","type":"CATEGORY"}
{"index":{}}
{"id":"59682","keyword":" 이발기 ","value":" 이발기, 이발기기","type":"CATEGORY"}
{"index":{}}
{"id":"59711","keyword":" 거꾸리 ","value":" 거꾸리","type":"CATEGORY"}
{"index":{}}
{"id":"59754","keyword":" 골프의류 ","value":" 골프, 의류","type":"CATEGORY"}
{"index":{}}
{"id":"59789","keyword":" 코팅기 ","value":" 코팅기","type":"CATEGORY"}
