{"index":{}}
{"keyword":"와인셀러","value":"와인, 냉장고","type":"COMPOUND"}
{"index":{}}
{"keyword":"레인부츠","value":"레인, 부츠, 장화","type":"COMPOUND"}
{"index":{}}
{"keyword":"액션캠","value":"액션, 캠코더","type":"COMPOUND"}
{"index":{}}
{"keyword":"uhd","value":"울트라, hd","type":"COMPOUND"}
{"index":{}}
{"keyword":"vga","value":"그래픽, 카드","type":"COMPOUND"}
{"index":{}}
{"keyword":"hud","value":"헤드, 업, 디스플레이","type":"COMPOUND"}
{"index":{}}
{"keyword":"cdp ","value":"cd, 플레이어","type":"COMPOUND"}
{"index":{}}
{"keyword":"diy","value":"do, it, yourself","type":"COMPOUND"}
{"index":{}}
{"keyword":"벽시계","value":"벽, 벽걸이, 시계","type":"COMPOUND"}
{"index":{}}
{"keyword":"서류함","value":"서류, 문서, 보관함","type":"COMPOUND"}
{"index":{}}
{"keyword":"거실장","value":"거실, 장식장, 수납장","type":"COMPOUND"}
{"index":{}}
{"keyword":"dkny","value":"도나, 카란, 뉴욕","type":"COMPOUND"}
{"index":{}}
{"keyword":"등산모","value":"등산, 모자","type":"COMPOUND"}
{"index":{}}
{"keyword":"탁구대","value":"탁구, 테이블","type":"COMPOUND"}
{"index":{}}
{"keyword":"화분대","value":"화분, 선반","type":"COMPOUND"}
{"index":{}}
{"keyword":"유무선","value":"유선, 무선","type":"COMPOUND"}
{"index":{}}
{"keyword":"복사지","value":"복사, 용지","type":"COMPOUND"}
{"index":{}}
{"keyword":"커플링","value":"커플, 반지","type":"COMPOUND"}
{"index":{}}
{"keyword":"치렝스","value":"치마, 레깅스","type":"COMPOUND"}
{"index":{}}
{"keyword":"임부복","value":"임부, 임산부, 의류, 옷","type":"COMPOUND"}
{"index":{}}
{"keyword":"필기구","value":"필기, 도구, 용품","type":"COMPOUND"}
{"index":{}}
{"keyword":"공구함","value":"공구, 가방, 보관함","type":"COMPOUND"}
{"index":{}}
{"keyword":"키스킨","value":"키보드, 스킨","type":"COMPOUND"}
{"index":{}}
{"keyword":"기아차","value":"기아, 자동차","type":"COMPOUND"}
{"index":{}}
{"keyword":"백금","value":"화이트, 골드","type":"COMPOUND"}
{"index":{}}
{"keyword":"대자리","value":"대나무, 자리","type":"COMPOUND"}
{"index":{}}
{"keyword":"주방등","value":"주방, 등, 조명, 전등","type":"COMPOUND"}
{"index":{}}
{"keyword":"제습제","value":"습기, 제거제","type":"COMPOUND"}
{"index":{}}
{"keyword":"농구대","value":"농구, 골대","type":"COMPOUND"}
{"index":{}}
{"keyword":"우양산","value":"우산, 양산","type":"COMPOUND"}
{"index":{}}
{"keyword":"2in1","value":"2, in, 1","type":"COMPOUND"}
{"index":{}}
{"keyword":"hdtv","value":"hd, tv","type":"COMPOUND"}
{"index":{}}
{"keyword":"티셔츠","value":"티, 셔츠","type":"COMPOUND"}
{"index":{}}
{"keyword":"팥빙수","value":"팥, 빙수","type":"COMPOUND"}
{"index":{}}
{"keyword":"농구공","value":"농구, 공","type":"COMPOUND"}
{"index":{}}
{"keyword":"선크림","value":"선, 크림","type":"COMPOUND"}
{"index":{}}
{"keyword":"컵라면","value":"컵, 라면","type":"COMPOUND"}
{"index":{}}
{"keyword":"라운드넥","value":"라운드, 넥","type":"COMPOUND"}
{"index":{}}
{"keyword":"옷커버","value":"옷, 커버","type":"COMPOUND"}
{"index":{}}
{"keyword":"물걸레","value":"물, 걸레","type":"COMPOUND"}
{"index":{}}
{"keyword":"속바지","value":"속, 바지","type":"COMPOUND"}
{"index":{}}
{"keyword":"칼블럭","value":"칼, 블럭 ","type":"COMPOUND"}
{"index":{}}
{"keyword":"뉴스타렉스","value":"뉴, 스타렉스","type":"COMPOUND"}
{"index":{}}
{"keyword":"소갈비","value":"소, 갈비","type":"COMPOUND"}
{"index":{}}
{"keyword":"갈비찜","value":"갈비, 찜","type":"COMPOUND"}
{"index":{}}
{"keyword":"밤고구마","value":"밤, 고구마","type":"COMPOUND"}
{"index":{}}
{"keyword":"흑설탕","value":"흑, 설탕","type":"COMPOUND"}
{"index":{}}
{"keyword":"직사각","value":"직, 사각","type":"COMPOUND"}
{"index":{}}
{"keyword":"중등산화","value":"중, 등산화","type":"COMPOUND"}
{"index":{}}
{"keyword":"장우산","value":"장, 우산","type":"COMPOUND"}
{"index":{}}
{"keyword":"iptime","value":"ip, time","type":"COMPOUND"}
{"index":{}}
{"keyword":"유아동","value":"유아, 아동, 키즈","type":"COMPOUND"}
{"index":{}}
{"keyword":"남여아","value":"남아, 여아","type":"COMPOUND"}
{"index":{}}
{"keyword":"남여공용","value":"남여, 남자, 여자, 공용, 공동","type":"COMPOUND"}
{"index":{}}
{"keyword":"로레알","value":"로레알, 파리","type":"COMPOUND"}
{"index":{}}
{"keyword":"메이블린","value":"메이블린, 뉴욕","type":"COMPOUND"}
{"index":{}}
{"keyword":"몰카","value":"몰래, 카메라","type":"COMPOUND"}
{"index":{}}
{"keyword":"엔셈","value":"nsm","type":"COMPOUND"}
{"index":{}}
{"keyword":"window7","value":"window, 7","type":"COMPOUND"}
{"index":{}}
{"keyword":"window8","value":"window, 8","type":"COMPOUND"}
{"index":{}}
{"keyword":"window10","value":"window, 10","type":"COMPOUND"}
{"index":{}}
{"keyword":"windows10","value":"windows, 10","type":"COMPOUND"}
{"index":{}}
{"keyword":"windows8","value":"windows, 10","type":"COMPOUND"}
{"index":{}}
{"keyword":"windows7","value":"windows, 7","type":"COMPOUND"}
{"index":{}}
{"keyword":"윈도우7","value":"윈도우, 7","type":"COMPOUND"}
{"index":{}}
{"keyword":"윈도우8","value":"윈도우, 8","type":"COMPOUND"}
{"index":{}}
{"keyword":"윈도우10","value":"윈도우, 10","type":"COMPOUND"}
{"index":{}}
{"keyword":"윈도우즈8","value":"윈도우즈, 8","type":"COMPOUND"}
{"index":{}}
{"keyword":"윈도우즈7","value":"윈도우즈, 7","type":"COMPOUND"}
{"index":{}}
{"keyword":"윈도우즈10","value":"윈도우즈, 10","type":"COMPOUND"}
{"index":{}}
{"keyword":"노트북2","value":"노트북, 2","type":"COMPOUND"}
{"index":{}}
{"keyword":"노트북3","value":"노트북, 3","type":"COMPOUND"}
{"index":{}}
{"keyword":"노트북4","value":"노트북, 4","type":"COMPOUND"}
{"index":{}}
{"keyword":"노트북5","value":"노트북, 5","type":"COMPOUND"}
{"index":{}}
{"keyword":"노트북7","value":"노트북, 7","type":"COMPOUND"}
{"index":{}}
{"keyword":"노트북8","value":"노트북, 8","type":"COMPOUND"}
{"index":{}}
{"keyword":"노트북9","value":"노트북, 9","type":"COMPOUND"}
{"index":{}}
{"keyword":"노트북m","value":"노트북, m","type":"COMPOUND"}
{"index":{}}
{"keyword":"시리즈1","value":"시리즈, 1","type":"COMPOUND"}
{"index":{}}
{"keyword":"시리즈3","value":"시리즈, 3","type":"COMPOUND"}
{"index":{}}
{"keyword":"시리즈4","value":"시리즈, 4","type":"COMPOUND"}
{"index":{}}
{"keyword":"시리즈5","value":"시리즈, 5","type":"COMPOUND"}
{"index":{}}
{"keyword":"시리즈6","value":"시리즈, 6","type":"COMPOUND"}
{"index":{}}
{"keyword":"시리즈7","value":"시리즈, 7","type":"COMPOUND"}
{"index":{}}
{"keyword":"시리즈8","value":"시리즈, 8","type":"COMPOUND"}
{"index":{}}
{"keyword":"시리즈9","value":"시리즈, 9","type":"COMPOUND"}
{"index":{}}
{"keyword":"시리즈q","value":"시리즈, q","type":"COMPOUND"}
{"index":{}}
{"keyword":"시리즈z","value":"시리즈, z","type":"COMPOUND"}
{"index":{}}
{"keyword":"슬레이트7","value":"슬레이트, 7","type":"COMPOUND"}
{"index":{}}
{"keyword":"am3","value":"am, 3","type":"COMPOUND"}
{"index":{}}
{"keyword":"am4","value":"am, 4","type":"COMPOUND"}
{"index":{}}
{"keyword":"팬텀4","value":"팬텀, 4","type":"COMPOUND"}
{"index":{}}
{"keyword":"팬텀3","value":"팬텀, 3","type":"COMPOUND"}
{"index":{}}
{"keyword":"아티브북2","value":"아티브, 북, 2","type":"COMPOUND"}
{"index":{}}
{"keyword":"아티브북3","value":"아티브, 북, 3","type":"COMPOUND"}
{"index":{}}
{"keyword":"아티브북5","value":"아티브, 북, 5","type":"COMPOUND"}
{"index":{}}
{"keyword":"아티브북6","value":"아티브, 북, 6","type":"COMPOUND"}
{"index":{}}
{"keyword":"아티브북7","value":"아티브, 북, 7","type":"COMPOUND"}
{"index":{}}
{"keyword":"아티브북8","value":"아티브, 북, 8","type":"COMPOUND"}
{"index":{}}
{"keyword":"아티브북9","value":"아티브, 북, 9","type":"COMPOUND"}
{"index":{}}
{"keyword":"아티브북m","value":"아티브, 북, m","type":"COMPOUND"}
{"index":{}}
{"keyword":"아티브탭3","value":"아티브, 탭, 3","type":"COMPOUND"}
{"index":{}}
{"keyword":"아티브북4","value":"아티브, 북, 4","type":"COMPOUND"}
{"index":{}}
{"keyword":"아티브탭5","value":"아티브, 탭, 5","type":"COMPOUND"}
{"index":{}}
{"keyword":"아티브탭7","value":"아티브, 탭, 7","type":"COMPOUND"}
{"index":{}}
{"keyword":"아티브원5","value":"아티브, 원, 5","type":"COMPOUND"}
{"index":{}}
{"keyword":"조말론","value":"조말론, 런던","type":"COMPOUND"}
{"index":{}}
{"keyword":"보닌","value":"보닌, 옴므","type":"COMPOUND"}
{"index":{}}
{"keyword":"립칼라","value":"립, 칼라","type":"COMPOUND"}
{"index":{}}
{"keyword":"배그","value":"배틀, 그라운드","type":"COMPOUND"}
{"index":{}}
{"keyword":"에어맥스","value":"에어, 맥스","type":"COMPOUND"}
{"index":{}}
{"keyword":"airmax","value":"air, max","type":"COMPOUND"}
{"index":{}}
{"keyword":"뉴욕","value":"new, york","type":"COMPOUND"}
{"index":{}}
{"keyword":"노스페이스","value":"the, north, face","type":"COMPOUND"}
{"index":{}}
{"keyword":"오리털","value":"덕, 다운","type":"COMPOUND"}
{"index":{}}
{"keyword":"조개살","value":"조개, 살","type":"COMPOUND"}
{"index":{}}
{"keyword":"소고기","value":"소, 고기","type":"COMPOUND"}
{"index":{}}
{"keyword":"조갯살","value":"조개, 살","type":"COMPOUND"}
{"index":{}}
{"keyword":"닭고기","value":"닭, 고기","type":"COMPOUND"}
{"index":{}}
{"keyword":"프라다가방","value":"프라다,가방,프라다가방","type":"COMPOUND"}
{"index":{}}
{"keyword":"올리비아데코","value":"올리비아, 데코","type":"COMPOUND"}
{"index":{}}
{"keyword":"물만두","value":"물,만두","type":"COMPOUND"}
{"index":{}}
{"keyword":"컵밥","value":"컵,밥","type":"COMPOUND"}
{"index":{}}
{"keyword":"g패드","value":"g, pad","type":"COMPOUND"}
{"index":{}}
{"keyword":"비타민k","value":"비타민,k","type":"COMPOUND"}
{"index":{}}
{"keyword":"inno3d","value":"inno,3d","type":"COMPOUND"}
{"index":{}}
{"keyword":"애플워치4","value":"애플,워치,4","type":"COMPOUND"}
{"index":{}}
{"keyword":"축구공","value":"축구, 공","type":"COMPOUND"}
{"index":{}}
{"keyword":"르젠","value":"르젠, 옴므","type":"COMPOUND"}
{"index":{}}
{"keyword":"롤온","value":"롤, 온","type":"COMPOUND"}
{"index":{}}
{"keyword":"이마트24","value":"이마트, 24","type":"COMPOUND"}
{"index":{}}
{"keyword":"7000시리즈","value":"7000, 시리즈","type":"COMPOUND"}
{"index":{}}
{"keyword":"K퍼니처","value":"K, 퍼니처","type":"COMPOUND"}
{"index":{}}
{"keyword":"cnprx","value":"cnp, rx","type":"COMPOUND"}
{"index":{}}
{"keyword":"hyperx","value":"hyper, x","type":"COMPOUND"}
{"index":{}}
{"keyword":"ddr4","value":"ddr, 4","type":"COMPOUND"}
{"index":{}}
{"keyword":"sk-ii","value":"sk, ii","type":"COMPOUND"}
{"index":{}}
{"keyword":"g-shock","value":"g, shock","type":"COMPOUND"}
{"index":{}}
{"keyword":"썸바이미","value":"some, by, me","type":"COMPOUND"}
{"index":{}}
{"keyword":"폴앤코코","value":"폴, 앤, 코코","type":"COMPOUND"}
{"index":{}}
{"keyword":"ddr3l","value":"ddr, 3, l","type":"COMPOUND"}
{"index":{}}
{"keyword":"포인트65n","value":"포인트, 65, n","type":"COMPOUND"}
