{"index":{}}
{"keyword":"1090tv","type":"STOP"}
{"index":{}}
{"keyword":"2c8","type":"STOP"}
{"index":{}}
{"keyword":"2c팔","type":"STOP"}
{"index":{}}
{"keyword":"4kkasi","type":"STOP"}
{"index":{}}
{"keyword":"99bb","type":"STOP"}
{"index":{}}
{"keyword":"asiangirl","type":"STOP"}
{"index":{}}
{"keyword":"bacastv","type":"STOP"}
{"index":{}}
{"keyword":"bbagoori","type":"STOP"}
{"index":{}}
{"keyword":"bdsm","type":"STOP"}
{"index":{}}
{"keyword":"binya","type":"STOP"}
{"index":{}}
{"keyword":"bogy","type":"STOP"}
{"index":{}}
{"keyword":"boji","type":"STOP"}
{"index":{}}
{"keyword":"bojy","type":"STOP"}
{"index":{}}
{"keyword":"bo지","type":"STOP"}
{"index":{}}
{"keyword":"bunsec","type":"STOP"}
{"index":{}}
{"keyword":"buns다","type":"STOP"}
{"index":{}}
{"keyword":"byuntae","type":"STOP"}
{"index":{}}
{"keyword":"c2joy","type":"STOP"}
{"index":{}}
{"keyword":"ccibal","type":"STOP"}
{"index":{}}
{"keyword":"ccipal","type":"STOP"}
{"index":{}}
{"keyword":"ccival","type":"STOP"}
{"index":{}}
{"keyword":"ce발","type":"STOP"}
{"index":{}}
{"keyword":"cibal","type":"STOP"}
{"index":{}}
{"keyword":"cipal","type":"STOP"}
{"index":{}}
{"keyword":"cival","type":"STOP"}
{"index":{}}
{"keyword":"comesek","type":"STOP"}
{"index":{}}
{"keyword":"comsek","type":"STOP"}
{"index":{}}
{"keyword":"c발","type":"STOP"}
{"index":{}}
{"keyword":"c팔","type":"STOP"}
{"index":{}}
{"keyword":"fanta dream","type":"STOP"}
{"index":{}}
{"keyword":"gang bang","type":"STOP"}
{"index":{}}
{"keyword":"gang shaq","type":"STOP"}
{"index":{}}
{"keyword":"g랄","type":"STOP"}
{"index":{}}
{"keyword":"hentai","type":"STOP"}
{"index":{}}
{"keyword":"jaji","type":"STOP"}
{"index":{}}
{"keyword":"jamji","type":"STOP"}
{"index":{}}
{"keyword":"jasal","type":"STOP"}
{"index":{}}
{"keyword":"jawi","type":"STOP"}
{"index":{}}
{"keyword":"jazi","type":"STOP"}
{"index":{}}
{"keyword":"jazy","type":"STOP"}
{"index":{}}
{"keyword":"ja위","type":"STOP"}
{"index":{}}
{"keyword":"ja지","type":"STOP"}
{"index":{}}
{"keyword":"jfantasy","type":"STOP"}
{"index":{}}
{"keyword":"jgirls","type":"STOP"}
{"index":{}}
{"keyword":"jiral","type":"STOP"}
{"index":{}}
{"keyword":"jitv","type":"STOP"}
{"index":{}}
{"keyword":"ji랄","type":"STOP"}
{"index":{}}
{"keyword":"kgirls","type":"STOP"}
{"index":{}}
{"keyword":"kmovie","type":"STOP"}
{"index":{}}
{"keyword":"live10tv","type":"STOP"}
{"index":{}}
{"keyword":"live69tv","type":"STOP"}
{"index":{}}
{"keyword":"nallari","type":"STOP"}
{"index":{}}
{"keyword":"nigimi","type":"STOP"}
{"index":{}}
{"keyword":"petish","type":"STOP"}
{"index":{}}
{"keyword":"playbog","type":"STOP"}
{"index":{}}
{"keyword":"playbozi","type":"STOP"}
{"index":{}}
{"keyword":"pleybog","type":"STOP"}
{"index":{}}
{"keyword":"pleyboy","type":"STOP"}
{"index":{}}
{"keyword":"pondo","type":"STOP"}
{"index":{}}
{"keyword":"ponsec","type":"STOP"}
{"index":{}}
{"keyword":"ponsek","type":"STOP"}
{"index":{}}
{"keyword":"porn","type":"STOP"}
{"index":{}}
{"keyword":"porner","type":"STOP"}
{"index":{}}
{"keyword":"porno","type":"STOP"}
{"index":{}}
{"keyword":"prno","type":"STOP"}
{"index":{}}
{"keyword":"realxx","type":"STOP"}
{"index":{}}
{"keyword":"sex","type":"STOP"}
{"index":{}}
{"keyword":"sibal","type":"STOP"}
{"index":{}}
{"keyword":"sipal","type":"STOP"}
{"index":{}}
{"keyword":"sival","type":"STOP"}
{"index":{}}
{"keyword":"soraguide","type":"STOP"}
{"index":{}}
{"keyword":"sorasex","type":"STOP"}
{"index":{}}
{"keyword":"srilankasex","type":"STOP"}
{"index":{}}
{"keyword":"ssibal","type":"STOP"}
{"index":{}}
{"keyword":"ssipal","type":"STOP"}
{"index":{}}
{"keyword":"ssival","type":"STOP"}
{"index":{}}
{"keyword":"suck","type":"STOP"}
{"index":{}}
{"keyword":"suicide","type":"STOP"}
{"index":{}}
{"keyword":"sunginsite","type":"STOP"}
{"index":{}}
{"keyword":"syliva saint","type":"STOP"}
{"index":{}}
{"keyword":"sysop","type":"STOP"}
{"index":{}}
{"keyword":"webxxx","type":"STOP"}
{"index":{}}
{"keyword":"x대가리","type":"STOP"}
{"index":{}}
{"keyword":"x등급","type":"STOP"}
{"index":{}}
{"keyword":"x물","type":"STOP"}
{"index":{}}
{"keyword":"x섹x스x해x","type":"STOP"}
{"index":{}}
{"keyword":"x섹스","type":"STOP"}
{"index":{}}
{"keyword":"x위","type":"STOP"}
{"index":{}}
{"keyword":"x털","type":"STOP"}
{"index":{}}
{"keyword":"zasal","type":"STOP"}
{"index":{}}
{"keyword":"zazi","type":"STOP"}
{"index":{}}
{"keyword":"zot","type":"STOP"}
{"index":{}}
{"keyword":"갈보","type":"STOP"}
{"index":{}}
{"keyword":"강간","type":"STOP"}
{"index":{}}
{"keyword":"개꼬치","type":"STOP"}
{"index":{}}
{"keyword":"개년","type":"STOP"}
{"index":{}}
{"keyword":"개놈","type":"STOP"}
{"index":{}}
{"keyword":"개뇬","type":"STOP"}
{"index":{}}
{"keyword":"개발","type":"STOP"}
{"index":{}}
{"keyword":"개새끼","type":"STOP"}
{"index":{}}
{"keyword":"개색끼","type":"STOP"}
{"index":{}}
{"keyword":"개세끼","type":"STOP"}
{"index":{}}
{"keyword":"개세이","type":"STOP"}
{"index":{}}
{"keyword":"개쉐이","type":"STOP"}
{"index":{}}
{"keyword":"개쉑","type":"STOP"}
{"index":{}}
{"keyword":"개쉽","type":"STOP"}
{"index":{}}
{"keyword":"개시키","type":"STOP"}
{"index":{}}
{"keyword":"개자식","type":"STOP"}
{"index":{}}
{"keyword":"개좆","type":"STOP"}
{"index":{}}
{"keyword":"갱방","type":"STOP"}
{"index":{}}
{"keyword":"겁탈","type":"STOP"}
{"index":{}}
{"keyword":"게색기","type":"STOP"}
{"index":{}}
{"keyword":"게색끼","type":"STOP"}
{"index":{}}
{"keyword":"게세끼","type":"STOP"}
{"index":{}}
{"keyword":"광뇬","type":"STOP"}
{"index":{}}
{"keyword":"그룹섹","type":"STOP"}
{"index":{}}
{"keyword":"근친상간","type":"STOP"}
{"index":{}}
{"keyword":"꼴리다","type":"STOP"}
{"index":{}}
{"keyword":"나가요","type":"STOP"}
{"index":{}}
{"keyword":"노노무라","type":"STOP"}
{"index":{}}
{"keyword":"노란국물","type":"STOP"}
{"index":{}}
{"keyword":"노랑국물","type":"STOP"}
{"index":{}}
{"keyword":"뇬","type":"STOP"}
{"index":{}}
{"keyword":"뉘미럴","type":"STOP"}
{"index":{}}
{"keyword":"니귀미","type":"STOP"}
{"index":{}}
{"keyword":"니기미","type":"STOP"}
{"index":{}}
{"keyword":"니미","type":"STOP"}
{"index":{}}
{"keyword":"닥쳐라","type":"STOP"}
{"index":{}}
{"keyword":"대주까","type":"STOP"}
{"index":{}}
{"keyword":"대준다","type":"STOP"}
{"index":{}}
{"keyword":"대줄께","type":"STOP"}
{"index":{}}
{"keyword":"대줄년","type":"STOP"}
{"index":{}}
{"keyword":"대포차","type":"STOP"}
{"index":{}}
{"keyword":"대포통장","type":"STOP"}
{"index":{}}
{"keyword":"대포폰","type":"STOP"}
{"index":{}}
{"keyword":"던준다","type":"STOP"}
{"index":{}}
{"keyword":"도촬","type":"STOP"}
{"index":{}}
{"keyword":"돌림빵","type":"STOP"}
{"index":{}}
{"keyword":"되질래","type":"STOP"}
{"index":{}}
{"keyword":"뒈져라","type":"STOP"}
{"index":{}}
{"keyword":"뒈진다","type":"STOP"}
{"index":{}}
{"keyword":"뒈질래","type":"STOP"}
{"index":{}}
{"keyword":"뒤치리","type":"STOP"}
{"index":{}}
{"keyword":"뒷치리","type":"STOP"}
{"index":{}}
{"keyword":"디랄","type":"STOP"}
{"index":{}}
{"keyword":"디럴","type":"STOP"}
{"index":{}}
{"keyword":"디져라","type":"STOP"}
{"index":{}}
{"keyword":"디진다","type":"STOP"}
{"index":{}}
{"keyword":"디질래","type":"STOP"}
{"index":{}}
{"keyword":"또라이","type":"STOP"}
{"index":{}}
{"keyword":"띠발","type":"STOP"}
{"index":{}}
{"keyword":"띠벌","type":"STOP"}
{"index":{}}
{"keyword":"매춘","type":"STOP"}
{"index":{}}
{"keyword":"맬섭","type":"STOP"}
{"index":{}}
{"keyword":"멜섬","type":"STOP"}
{"index":{}}
{"keyword":"몸파는","type":"STOP"}
{"index":{}}
{"keyword":"몸파라","type":"STOP"}
{"index":{}}
{"keyword":"미췬","type":"STOP"}
{"index":{}}
{"keyword":"미침","type":"STOP"}
{"index":{}}
{"keyword":"미틴","type":"STOP"}
{"index":{}}
{"keyword":"민셩야설","type":"STOP"}
{"index":{}}
{"keyword":"민증위조","type":"STOP"}
{"index":{}}
{"keyword":"벙섹","type":"STOP"}
{"index":{}}
{"keyword":"병쉰","type":"STOP"}
{"index":{}}
{"keyword":"병신","type":"STOP"}
{"index":{}}
{"keyword":"본디지","type":"STOP"}
{"index":{}}
{"keyword":"부카케","type":"STOP"}
{"index":{}}
{"keyword":"불륜","type":"STOP"}
{"index":{}}
{"keyword":"비즈니스클럽","type":"STOP"}
{"index":{}}
{"keyword":"빙신","type":"STOP"}
{"index":{}}
{"keyword":"빨자좃","type":"STOP"}
{"index":{}}
{"keyword":"빽보지","type":"STOP"}
{"index":{}}
{"keyword":"뻐르나","type":"STOP"}
{"index":{}}
{"keyword":"뻐르너","type":"STOP"}
{"index":{}}
{"keyword":"뻐르노","type":"STOP"}
{"index":{}}
{"keyword":"뻐큐","type":"STOP"}
{"index":{}}
{"keyword":"뻐킹","type":"STOP"}
{"index":{}}
{"keyword":"뻑가","type":"STOP"}
{"index":{}}
{"keyword":"뻑큐","type":"STOP"}
{"index":{}}
{"keyword":"뻘노","type":"STOP"}
{"index":{}}
{"keyword":"뽀지","type":"STOP"}
{"index":{}}
{"keyword":"뽁큐","type":"STOP"}
{"index":{}}
{"keyword":"새꺄","type":"STOP"}
{"index":{}}
{"keyword":"서양이쁜이","type":"STOP"}
{"index":{}}
{"keyword":"성폭력","type":"STOP"}
{"index":{}}
{"keyword":"성폭행","type":"STOP"}
{"index":{}}
{"keyword":"섹s","type":"STOP"}
{"index":{}}
{"keyword":"섹하고","type":"STOP"}
{"index":{}}
{"keyword":"섹하구","type":"STOP"}
{"index":{}}
{"keyword":"섹하자","type":"STOP"}
{"index":{}}
{"keyword":"섹하장","type":"STOP"}
{"index":{}}
{"keyword":"섹할","type":"STOP"}
{"index":{}}
{"keyword":"섹해","type":"STOP"}
{"index":{}}
{"keyword":"센스디스","type":"STOP"}
{"index":{}}
{"keyword":"쉬발","type":"STOP"}
{"index":{}}
{"keyword":"쉬밸","type":"STOP"}
{"index":{}}
{"keyword":"쉬팔","type":"STOP"}
{"index":{}}
{"keyword":"쉽알","type":"STOP"}
{"index":{}}
{"keyword":"스발","type":"STOP"}
{"index":{}}
{"keyword":"스타씹기","type":"STOP"}
{"index":{}}
{"keyword":"시발","type":"STOP"}
{"index":{}}
{"keyword":"시벌","type":"STOP"}
{"index":{}}
{"keyword":"시볼","type":"STOP"}
{"index":{}}
{"keyword":"시부랄","type":"STOP"}
{"index":{}}
{"keyword":"시부럴","type":"STOP"}
{"index":{}}
{"keyword":"시부리","type":"STOP"}
{"index":{}}
{"keyword":"시브랄","type":"STOP"}
{"index":{}}
{"keyword":"시팍","type":"STOP"}
{"index":{}}
{"keyword":"시팔","type":"STOP"}
{"index":{}}
{"keyword":"시펄","type":"STOP"}
{"index":{}}
{"keyword":"십8","type":"STOP"}
{"index":{}}
{"keyword":"십물","type":"STOP"}
{"index":{}}
{"keyword":"십쌔","type":"STOP"}
{"index":{}}
{"keyword":"십알","type":"STOP"}
{"index":{}}
{"keyword":"십창","type":"STOP"}
{"index":{}}
{"keyword":"십팔","type":"STOP"}
{"index":{}}
{"keyword":"십할","type":"STOP"}
{"index":{}}
{"keyword":"싶알","type":"STOP"}
{"index":{}}
{"keyword":"쌉년","type":"STOP"}
{"index":{}}
{"keyword":"쌍넘","type":"STOP"}
{"index":{}}
{"keyword":"쌍년","type":"STOP"}
{"index":{}}
{"keyword":"쌍놈","type":"STOP"}
{"index":{}}
{"keyword":"쌔끼","type":"STOP"}
{"index":{}}
{"keyword":"썅","type":"STOP"}
{"index":{}}
{"keyword":"썅년","type":"STOP"}
{"index":{}}
{"keyword":"썅놈","type":"STOP"}
{"index":{}}
{"keyword":"썅뇬","type":"STOP"}
{"index":{}}
{"keyword":"써벌","type":"STOP"}
{"index":{}}
{"keyword":"썩을년","type":"STOP"}
{"index":{}}
{"keyword":"쎄꺄","type":"STOP"}
{"index":{}}
{"keyword":"쒸발","type":"STOP"}
{"index":{}}
{"keyword":"쓰바","type":"STOP"}
{"index":{}}
{"keyword":"쓰발","type":"STOP"}
{"index":{}}
{"keyword":"쓰벌","type":"STOP"}
{"index":{}}
{"keyword":"쓰팔","type":"STOP"}
{"index":{}}
{"keyword":"씨8","type":"STOP"}
{"index":{}}
{"keyword":"씨댕","type":"STOP"}
{"index":{}}
{"keyword":"씨바","type":"STOP"}
{"index":{}}
{"keyword":"씨발","type":"STOP"}
{"index":{}}
{"keyword":"씨뱅","type":"STOP"}
{"index":{}}
{"keyword":"씨벌","type":"STOP"}
{"index":{}}
{"keyword":"씨봉알","type":"STOP"}
{"index":{}}
{"keyword":"씨부랄","type":"STOP"}
{"index":{}}
{"keyword":"씨부럴","type":"STOP"}
{"index":{}}
{"keyword":"씨부렁","type":"STOP"}
{"index":{}}
{"keyword":"씨부리","type":"STOP"}
{"index":{}}
{"keyword":"씨불","type":"STOP"}
{"index":{}}
{"keyword":"씨빠","type":"STOP"}
{"index":{}}
{"keyword":"씨빨","type":"STOP"}
{"index":{}}
{"keyword":"씨팍","type":"STOP"}
{"index":{}}
{"keyword":"씨팔","type":"STOP"}
{"index":{}}
{"keyword":"씨펄","type":"STOP"}
{"index":{}}
{"keyword":"아가리","type":"STOP"}
{"index":{}}
{"keyword":"아갈이","type":"STOP"}
{"index":{}}
{"keyword":"아리랑치기","type":"STOP"}
{"index":{}}
{"keyword":"엄창","type":"STOP"}
{"index":{}}
{"keyword":"엑스터시","type":"STOP"}
{"index":{}}
{"keyword":"연체","type":"STOP"}
{"index":{}}
{"keyword":"염기","type":"STOP"}
{"index":{}}
{"keyword":"염병","type":"STOP"}
{"index":{}}
{"keyword":"원조교제","type":"STOP"}
{"index":{}}
{"keyword":"육갑","type":"STOP"}
{"index":{}}
{"keyword":"윤간","type":"STOP"}
{"index":{}}
{"keyword":"음란","type":"STOP"}
{"index":{}}
{"keyword":"음마성전","type":"STOP"}
{"index":{}}
{"keyword":"자ji","type":"STOP"}
{"index":{}}
{"keyword":"자살","type":"STOP"}
{"index":{}}
{"keyword":"자쥐","type":"STOP"}
{"index":{}}
{"keyword":"자지","type":"STOP"}
{"index":{}}
{"keyword":"자취방","type":"STOP"}
{"index":{}}
{"keyword":"잠지","type":"STOP"}
{"index":{}}
{"keyword":"잡년","type":"STOP"}
{"index":{}}
{"keyword":"잡놈","type":"STOP"}
{"index":{}}
{"keyword":"재랄","type":"STOP"}
{"index":{}}
{"keyword":"저까","type":"STOP"}
{"index":{}}
{"keyword":"저년","type":"STOP"}
{"index":{}}
{"keyword":"저빨","type":"STOP"}
{"index":{}}
{"keyword":"저주글","type":"STOP"}
{"index":{}}
{"keyword":"전라","type":"STOP"}
{"index":{}}
{"keyword":"조까","type":"STOP"}
{"index":{}}
{"keyword":"조빠","type":"STOP"}
{"index":{}}
{"keyword":"조쟁이","type":"STOP"}
{"index":{}}
{"keyword":"조지냐","type":"STOP"}
{"index":{}}
{"keyword":"조진다","type":"STOP"}
{"index":{}}
{"keyword":"조질래","type":"STOP"}
{"index":{}}
{"keyword":"존나","type":"STOP"}
{"index":{}}
{"keyword":"존니","type":"STOP"}
{"index":{}}
{"keyword":"졸년","type":"STOP"}
{"index":{}}
{"keyword":"좃","type":"STOP"}
{"index":{}}
{"keyword":"종물","type":"STOP"}
{"index":{}}
{"keyword":"좆","type":"STOP"}
{"index":{}}
{"keyword":"좇","type":"STOP"}
{"index":{}}
{"keyword":"쥐랄","type":"STOP"}
{"index":{}}
{"keyword":"쥐뿔","type":"STOP"}
{"index":{}}
{"keyword":"즉발","type":"STOP"}
{"index":{}}
{"keyword":"지랄","type":"STOP"}
{"index":{}}
{"keyword":"지럴","type":"STOP"}
{"index":{}}
{"keyword":"지미랄","type":"STOP"}
{"index":{}}
{"keyword":"짬지","type":"STOP"}
{"index":{}}
{"keyword":"쪼가리","type":"STOP"}
{"index":{}}
{"keyword":"쪼갈","type":"STOP"}
{"index":{}}
{"keyword":"쪽발","type":"STOP"}
{"index":{}}
{"keyword":"쫏","type":"STOP"}
{"index":{}}
{"keyword":"쫓","type":"STOP"}
{"index":{}}
{"keyword":"창녀","type":"STOP"}
{"index":{}}
{"keyword":"창년","type":"STOP"}
{"index":{}}
{"keyword":"최음제","type":"STOP"}
{"index":{}}
{"keyword":"칙칙","type":"STOP"}
{"index":{}}
{"keyword":"컴s","type":"STOP"}
{"index":{}}
{"keyword":"컴색","type":"STOP"}
{"index":{}}
{"keyword":"컴세엑","type":"STOP"}
{"index":{}}
{"keyword":"컴섹","type":"STOP"}
{"index":{}}
{"keyword":"컴쌕","type":"STOP"}
{"index":{}}
{"keyword":"퍽큐","type":"STOP"}
{"index":{}}
{"keyword":"펀섹","type":"STOP"}
{"index":{}}
{"keyword":"폭약","type":"STOP"}
{"index":{}}
{"keyword":"폰x","type":"STOP"}
{"index":{}}
{"keyword":"폰떽","type":"STOP"}
{"index":{}}
{"keyword":"폰색","type":"STOP"}
{"index":{}}
{"keyword":"피아캐롯","type":"STOP"}
{"index":{}}
{"keyword":"할로마이","type":"STOP"}
{"index":{}}
{"keyword":"행운의편지","type":"STOP"}
{"index":{}}
{"keyword":"허벌창","type":"STOP"}
{"index":{}}
{"keyword":"헤로인","type":"STOP"}
{"index":{}}
{"keyword":"호냥년","type":"STOP"}
{"index":{}}
{"keyword":"호로","type":"STOP"}
{"index":{}}
{"keyword":"호바","type":"STOP"}
{"index":{}}
{"keyword":"호빠","type":"STOP"}
{"index":{}}
{"keyword":"호스트빠","type":"STOP"}
{"index":{}}
{"keyword":"호양년","type":"STOP"}
{"index":{}}
{"keyword":"호테스바","type":"STOP"}
{"index":{}}
{"keyword":"호테스빠","type":"STOP"}
{"index":{}}
{"keyword":"혼음","type":"STOP"}
{"index":{}}
{"keyword":"화양년","type":"STOP"}
{"index":{}}
{"keyword":"후장","type":"STOP"}
{"index":{}}
{"keyword":"히로뽕","type":"STOP"}
{"index":{}}
{"keyword":"비바클리너","type":"STOP"}
{"index":{}}
{"keyword":"비바크리너","type":"STOP"}
{"index":{}}
{"keyword":"슬림버스터","type":"STOP"}
{"index":{}}
{"keyword":"슬림메타보","type":"STOP"}
{"index":{}}
{"keyword":"슬림원","type":"STOP"}
{"index":{}}
{"keyword":"모낭충제거","type":"STOP"}
{"index":{}}
{"keyword":"모낭충","type":"STOP"}
