{"index":{}}
{"keyword":"ghz","type":"UNIT"}
{"index":{}}
{"keyword":"cm","type":"UNIT"}
{"index":{}}
{"keyword":"일","type":"UNIT"}
{"index":{}}
{"keyword":"gb","type":"UNIT"}
{"index":{}}
{"keyword":"원","type":"UNIT"}
{"index":{}}
{"keyword":"종","type":"UNIT"}
{"index":{}}
{"keyword":"tb","type":"UNIT"}
{"index":{}}
{"keyword":"g","type":"UNIT"}
{"index":{}}
{"keyword":"mm","type":"UNIT"}
{"index":{}}
{"keyword":"ml","type":"UNIT"}
{"index":{}}
{"keyword":"mb","type":"UNIT"}
{"index":{}}
{"keyword":"호","type":"UNIT"}
{"index":{}}
{"keyword":"l","type":"UNIT"}
{"index":{}}
{"keyword":"개","type":"UNIT"}
{"index":{}}
{"keyword":"개월","type":"UNIT"}
{"index":{}}
{"keyword":"매","type":"UNIT"}
{"index":{}}
{"keyword":"년","type":"UNIT"}
{"index":{}}
{"keyword":"인용","type":"UNIT"}
{"index":{}}
{"keyword":"ea","type":"UNIT"}
{"index":{}}
{"keyword":"단","type":"UNIT"}
{"index":{}}
{"keyword":"kb","type":"UNIT"}
{"index":{}}
{"keyword":"리터","type":"UNIT"}
{"index":{}}
{"keyword":"v","type":"UNIT"}
{"index":{}}
{"keyword":"볼트","type":"UNIT"}
{"index":{}}
{"keyword":"인치","type":"UNIT"}
{"index":{}}
{"keyword":"형","type":"UNIT"}
{"index":{}}
{"keyword":"inch","type":"UNIT"}
{"index":{}}
{"keyword":"g","type":"UNIT"}
{"index":{}}
{"keyword":"gb","type":"UNIT"}
{"index":{}}
{"keyword":"기가","type":"UNIT"}
{"index":{}}
{"keyword":"매","type":"UNIT"}
{"index":{}}
{"keyword":"p","type":"UNIT"}
{"index":{}}
{"keyword":"메가","type":"UNIT"}
{"index":{}}
{"keyword":"mb","type":"UNIT"}
{"index":{}}
{"keyword":"m","type":"UNIT"}
{"index":{}}
{"keyword":"미터","type":"UNIT"}
{"index":{}}
{"keyword":"단계","type":"UNIT"}
{"index":{}}
{"keyword":"중","type":"UNIT"}
{"index":{}}
{"keyword":"셀","type":"UNIT"}
{"index":{}}
{"keyword":"cell","type":"UNIT"}
{"index":{}}
{"keyword":"cd","type":"UNIT"}
{"index":{}}
{"keyword":"씨디","type":"UNIT"}
{"index":{}}
{"keyword":"테라","type":"UNIT"}
{"index":{}}
{"keyword":"테라바이트","type":"UNIT"}
{"index":{}}
{"keyword":"핀","type":"UNIT"}
{"index":{}}
{"keyword":"pin","type":"UNIT"}
{"index":{}}
{"keyword":"w","type":"UNIT"}
{"index":{}}
{"keyword":"와트","type":"UNIT"}
{"index":{}}
{"keyword":"kg","type":"UNIT"}
{"index":{}}
{"keyword":"키로","type":"UNIT"}
{"index":{}}
{"keyword":"키로그램","type":"UNIT"}
{"index":{}}
{"keyword":"킬로그램","type":"UNIT"}
{"index":{}}
{"keyword":"인","type":"UNIT"}
{"index":{}}
{"keyword":"인승","type":"UNIT"}
{"index":{}}
{"keyword":"인분","type":"UNIT"}
{"index":{}}
{"keyword":"평","type":"UNIT"}
{"index":{}}
{"keyword":"평형","type":"UNIT"}
{"index":{}}
{"keyword":"hz","type":"UNIT"}
{"index":{}}
{"keyword":"가지","type":"UNIT"}
{"index":{}}
{"keyword":"분","type":"UNIT"}
{"index":{}}
{"keyword":"배","type":"UNIT"}
{"index":{}}
{"keyword":"mAh","type":"UNIT"}
{"index":{}}
{"keyword":"mhz","type":"UNIT"}
{"index":{}}
{"keyword":"dB","type":"UNIT"}
{"index":{}}
{"keyword":"만","type":"UNIT"}
{"index":{}}
{"keyword":"급","type":"UNIT"}
{"index":{}}
{"keyword":"등급","type":"UNIT"}
{"index":{}}
{"keyword":"pcs","type":"UNIT"}
{"index":{}}
{"keyword":"kw","type":"UNIT"}
{"index":{}}
{"keyword":"gb/s","type":"UNIT"}
{"index":{}}
{"keyword":"mb/s","type":"UNIT"}
{"index":{}}
{"keyword":"세","type":"UNIT"}
{"index":{}}
{"keyword":"ppm","type":"UNIT"}
{"index":{}}
{"keyword":"mbps","type":"UNIT"}
{"index":{}}
{"keyword":"ppi","type":"UNIT"}
{"index":{}}
{"keyword":"kwh","type":"UNIT"}
{"index":{}}
{"keyword":"kw/h","type":"UNIT"}
{"index":{}}
{"keyword":"명","type":"UNIT"}
{"index":{}}
{"keyword":"초","type":"UNIT"}
{"index":{}}
{"keyword":"개입","type":"UNIT"}
{"index":{}}
{"keyword":"l/min","type":"UNIT"}
{"index":{}}
{"keyword":"세용","type":"UNIT"}
{"index":{}}
{"keyword":"층","type":"UNIT"}
{"index":{}}
{"keyword":"채널","type":"UNIT"}
{"index":{}}
{"keyword":"ch","type":"UNIT"}
{"index":{}}
{"keyword":"년형","type":"UNIT"}
{"index":{}}
{"keyword":"년식","type":"UNIT"}
{"index":{}}
{"keyword":"인조","type":"UNIT"}
{"index":{}}
{"keyword":"구","type":"UNIT"}
{"index":{}}
{"keyword":"km","type":"UNIT"}
{"index":{}}
{"keyword":"km/l","type":"UNIT"}
{"index":{}}
{"keyword":"km/h","type":"UNIT"}
{"index":{}}
{"keyword":"미리리터","type":"UNIT"}
{"index":{}}
{"keyword":"밀리리터","type":"UNIT"}
{"index":{}}
{"keyword":"m/sec","type":"UNIT"}
{"index":{}}
{"keyword":"회","type":"UNIT"}
{"index":{}}
{"keyword":"도","type":"UNIT"}
{"index":{}}
{"keyword":"장","type":"UNIT"}
{"index":{}}
{"keyword":"루멘","type":"UNIT"}
{"index":{}}
{"keyword":"lm","type":"UNIT"}
{"index":{}}
{"keyword":"엽","type":"UNIT"}
{"index":{}}
{"keyword":"잔","type":"UNIT"}
{"index":{}}
{"keyword":"캐럿","type":"UNIT"}
{"index":{}}
{"keyword":"캐릿","type":"UNIT"}
{"index":{}}
{"keyword":"ct","type":"UNIT"}
{"index":{}}
{"keyword":"겹","type":"UNIT"}
{"index":{}}
{"keyword":"인치형","type":"UNIT"}
{"index":{}}
{"keyword":"베이","type":"UNIT"}
{"index":{}}
{"keyword":"인지","type":"UNIT"}
{"index":{}}
{"keyword":"rpm","type":"UNIT"}
{"index":{}}
{"keyword":"bpm","type":"UNIT"}
{"index":{}}
{"keyword":"ipm","type":"UNIT"}
{"index":{}}
{"keyword":"온스","type":"UNIT"}
{"index":{}}
{"keyword":"oz","type":"UNIT"}
{"index":{}}
{"keyword":"t","type":"UNIT"}
{"index":{}}
{"keyword":"g/h","type":"UNIT"}
{"index":{}}
{"keyword":"gbps","type":"UNIT"}
{"index":{}}
{"keyword":"포트","type":"UNIT"}
{"index":{}}
{"keyword":"port","type":"UNIT"}
{"index":{}}
{"keyword":"주","type":"UNIT"}
{"index":{}}
{"keyword":"암페어","type":"UNIT"}
{"index":{}}
{"keyword":"ah","type":"UNIT"}
{"index":{}}
{"keyword":"ansi","type":"UNIT"}
{"index":{}}
{"keyword":"안시","type":"UNIT"}
{"index":{}}
{"keyword":"m/s","type":"UNIT"}
{"index":{}}
{"keyword":"mm/sec","type":"UNIT"}
{"index":{}}
{"keyword":"mm/s","type":"UNIT"}
{"index":{}}
{"keyword":"cm/sec","type":"UNIT"}
{"index":{}}
{"keyword":"cm/s","type":"UNIT"}
{"index":{}}
{"keyword":"년근","type":"UNIT"}
{"index":{}}
{"keyword":"년도","type":"UNIT"}
{"index":{}}
{"keyword":"곡","type":"UNIT"}
{"index":{}}
{"keyword":"dpi","type":"UNIT"}
{"index":{}}
{"keyword":"조식","type":"UNIT"}
{"index":{}}
{"keyword":"절","type":"UNIT"}
{"index":{}}
{"keyword":"수","type":"UNIT"}
{"index":{}}
{"keyword":"bar","type":"UNIT"}
{"index":{}}
{"keyword":"회용","type":"UNIT"}
{"index":{}}
{"keyword":"야드","type":"UNIT"}
{"index":{}}
{"keyword":"yards","type":"UNIT"}
{"index":{}}
{"keyword":"yard","type":"UNIT"}
{"index":{}}
{"keyword":"칸","type":"UNIT"}
{"index":{}}
{"keyword":"마리","type":"UNIT"}
{"index":{}}
{"keyword":"시","type":"UNIT"}
{"index":{}}
{"keyword":"분","type":"UNIT"}
{"index":{}}
{"keyword":"초","type":"UNIT"}
{"index":{}}
{"keyword":"봉","type":"UNIT"}
{"index":{}}
{"keyword":"주년","type":"UNIT"}
{"index":{}}
{"keyword":"㎝","type":"UNIT"}
{"index":{}}
{"keyword":"\"","type":"UNIT"}
{"index":{}}
{"keyword":"bay","type":"UNIT"}
{"index":{}}
{"keyword":"옴","type":"UNIT"}
{"index":{}}
{"keyword":"Ω","type":"UNIT"}
{"index":{}}
{"keyword":"캔","type":"UNIT"}
{"index":{}}
{"keyword":"팩","type":"UNIT"}
{"index":{}}
{"keyword":"인석","type":"UNIT"}
{"index":{}}
{"keyword":"온즈","type":"UNIT"}
{"index":{}}
{"keyword":"갑","type":"UNIT"}
{"index":{}}
{"keyword":"㏅","type":"UNIT"}
{"index":{}}
{"keyword":"톤","type":"UNIT"}
{"index":{}}
{"keyword":"세대","type":"UNIT"}
{"index":{}}
{"keyword":"켤레","type":"UNIT"}
{"index":{}}
{"keyword":"병","type":"UNIT"}
{"index":{}}
{"keyword":"캡슐","type":"UNIT"}
{"index":{}}
{"keyword":"미","type":"UNIT"}
{"index":{}}
{"keyword":"벌","type":"UNIT"}
{"index":{}}
{"keyword":"통","type":"UNIT"}
{"index":{}}
{"keyword":"색","type":"UNIT"}
{"index":{}}
{"keyword":"집","type":"UNIT"}
{"index":{}}
{"keyword":"족","type":"UNIT"}
{"index":{}}
{"keyword":"위","type":"UNIT"}
{"index":{}}
{"keyword":"포","type":"UNIT"}
{"index":{}}
{"keyword":"정","type":"UNIT"}
{"index":{}}
{"keyword":"조","type":"UNIT"}
{"index":{}}
{"keyword":"세트","type":"UNIT"}
{"index":{}}
{"keyword":"곽","type":"UNIT"}
{"index":{}}
{"keyword":"입","type":"UNIT"}
{"index":{}}
{"keyword":"매입","type":"UNIT"}
{"index":{}}
{"keyword":"롤","type":"UNIT"}
{"index":{}}
{"keyword":"모","type":"UNIT"}
{"index":{}}
{"keyword":"돈","type":"UNIT"}
{"index":{}}
{"keyword":"mmhg","type":"UNIT"}
{"index":{}}
{"keyword":"cc","type":"UNIT"}
{"index":{}}
{"keyword":"루맨","type":"UNIT"}
{"index":{}}
{"keyword":"a","type":"UNIT"}
