{"index":{}}
{"value":"g, gb, 기가","type":"UNIT_SYNONYM"}
{"index":{}}
{"value":"kb, 키로바이트","type":"UNIT_SYNONYM"}
{"index":{}}
{"value":"형, 인치, inch, 인치형, 인지, \"","type":"UNIT_SYNONYM"}
{"index":{}}
{"value":"l,리터","type":"UNIT_SYNONYM"}
{"index":{}}
{"value":"v,볼트","type":"UNIT_SYNONYM"}
{"index":{}}
{"value":"매, p, 매입","type":"UNIT_SYNONYM"}
{"index":{}}
{"value":"메가, mb, m","type":"UNIT_SYNONYM"}
{"index":{}}
{"value":"셀,cell","type":"UNIT_SYNONYM"}
{"index":{}}
{"value":"cd, 씨디, ㏅","type":"UNIT_SYNONYM"}
{"index":{}}
{"value":"tb, 테라, 테라바이트, t","type":"UNIT_SYNONYM"}
{"index":{}}
{"value":"핀, pin","type":"UNIT_SYNONYM"}
{"index":{}}
{"value":"w, 와트","type":"UNIT_SYNONYM"}
{"index":{}}
{"value":"kg, 키로, 키로그램, 킬로그램","type":"UNIT_SYNONYM"}
{"index":{}}
{"value":"년, 년형, 년식, 년근, 년도","type":"UNIT_SYNONYM"}
{"index":{}}
{"value":"인, 인용, 인분, 인조, 인승, 인석","type":"UNIT_SYNONYM"}
{"index":{}}
{"value":"평, 평형","type":"UNIT_SYNONYM"}
{"index":{}}
{"value":"급, 등급","type":"UNIT_SYNONYM"}
{"index":{}}
{"value":"mbps, mb/s","type":"UNIT_SYNONYM"}
{"index":{}}
{"value":"kwh, kw/h","type":"UNIT_SYNONYM"}
{"index":{}}
{"value":"개, 개입","type":"UNIT_SYNONYM"}
{"index":{}}
{"value":"세, 세용","type":"UNIT_SYNONYM"}
{"index":{}}
{"value":"ch, 채널","type":"UNIT_SYNONYM"}
{"index":{}}
{"value":"ml, 밀리리터, 미리리터","type":"UNIT_SYNONYM"}
{"index":{}}
{"value":"루멘, lm, 루맨","type":"UNIT_SYNONYM"}
{"index":{}}
{"value":"캐럿, 캐릿, ct","type":"UNIT_SYNONYM"}
{"index":{}}
{"value":"베이, bay","type":"UNIT_SYNONYM"}
{"index":{}}
{"value":"oz, 온스","type":"UNIT_SYNONYM"}
{"index":{}}
{"value":"port, 포트","type":"UNIT_SYNONYM"}
{"index":{}}
{"value":"ah, 암페어, a","type":"UNIT_SYNONYM"}
{"index":{}}
{"value":"ansi, 안시","type":"UNIT_SYNONYM"}
{"index":{}}
{"value":"m/sec, m/s","type":"UNIT_SYNONYM"}
{"index":{}}
{"value":"mm/sec, mm/s","type":"UNIT_SYNONYM"}
{"index":{}}
{"value":"cm/sec, cm/s","type":"UNIT_SYNONYM"}
{"index":{}}
{"value":"회, 회용","type":"UNIT_SYNONYM"}
{"index":{}}
{"value":"야드, yard, yards","type":"UNIT_SYNONYM"}
{"index":{}}
{"value":"cm, ㎝","type":"UNIT_SYNONYM"}
{"index":{}}
{"value":"옴, Ω","type":"UNIT_SYNONYM"}
{"index":{}}
{"value":"pcs, 종","type":"UNIT_SYNONYM"}
{"index":{}}
{"value":"oz, 온스, 온즈","type":"UNIT_SYNONYM"}
